bg_ts,value
01/10/2023 00:04,7.5
01/10/2023 00:09,8
01/10/2023 00:14,8.6
01/10/2023 00:19,9.2
01/10/2023 00:24,9.7
01/10/2023 00:29,10.1
01/10/2023 00:34,10.6
01/10/2023 00:39,11.1
01/10/2023 00:44,11.9
01/10/2023 00:49,13.4
01/10/2023 00:54,14.2
01/10/2023 00:59,14.5
01/10/2023 01:04,14.8
01/10/2023 01:09,14.5
01/10/2023 01:14,14.5
01/10/2023 01:19,14.4
01/10/2023 01:24,14.4
01/10/2023 01:29,14.3
01/10/2023 01:34,14.6
01/10/2023 01:39,15
01/10/2023 01:44,15.4
01/10/2023 01:49,15.8
01/10/2023 01:54,15.7
01/10/2023 01:59,15.9
01/10/2023 02:04,16.3
01/10/2023 02:09,16.9
01/10/2023 02:14,17.1
01/10/2023 02:19,17.5
01/10/2023 02:24,17.9
01/10/2023 02:29,18.5
01/10/2023 02:34,18
01/10/2023 02:39,17.5
01/10/2023 02:44,17.7
01/10/2023 02:49,18.8
01/10/2023 02:54,19.7
01/10/2023 02:59,20
01/10/2023 03:04,20.1
01/10/2023 03:09,20.6
01/10/2023 03:14,21
01/10/2023 03:19,20.9
01/10/2023 03:24,20.7
01/10/2023 03:29,20.4
01/10/2023 03:34,20.6
01/10/2023 03:39,20.6
01/10/2023 03:44,20.4
01/10/2023 03:49,20.6
01/10/2023 03:54,20.4
01/10/2023 03:59,20
01/10/2023 04:04,19.8
01/10/2023 04:09,19.7
01/10/2023 04:14,19.6
01/10/2023 04:19,19.4
01/10/2023 04:24,19.1
01/10/2023 04:29,19.5
01/10/2023 04:34,19.6
01/10/2023 04:39,19.6
01/10/2023 04:44,19.4
01/10/2023 04:49,19.2
01/10/2023 04:54,18.3
01/10/2023 04:59,17.8
01/10/2023 05:04,17.5
01/10/2023 05:09,17.3
01/10/2023 05:14,17.1
01/10/2023 05:19,16.9
01/10/2023 05:24,16.8
01/10/2023 05:29,16.5
01/10/2023 05:34,16.4
01/10/2023 05:39,16.2
01/10/2023 05:44,16
01/10/2023 05:49,16.6
01/10/2023 05:54,16.8
01/10/2023 05:59,16.8
01/10/2023 06:04,16.5
01/10/2023 06:09,16
01/10/2023 06:14,15.7
01/10/2023 06:19,15.5
01/10/2023 06:24,15.3
01/10/2023 06:29,15.2
01/10/2023 06:34,15.3
01/10/2023 06:39,15.2
01/10/2023 06:44,14.9
01/10/2023 06:49,14.9
01/10/2023 06:54,14.8
01/10/2023 06:59,14.3
01/10/2023 07:04,14
01/10/2023 07:09,13.9
01/10/2023 07:14,13.8
01/10/2023 07:19,13.8
01/10/2023 07:24,14.1
01/10/2023 07:29,14
01/10/2023 07:34,14.1
01/10/2023 07:39,13.5
01/10/2023 07:44,13
01/10/2023 07:49,12.7
01/10/2023 07:54,12.3
01/10/2023 07:59,12
01/10/2023 08:04,11.7
01/10/2023 08:09,11.3
01/10/2023 08:14,10.9
01/10/2023 08:19,11.2
01/10/2023 08:24,10.3
01/10/2023 08:29,9.7
01/10/2023 08:34,9.1
01/10/2023 08:39,9
01/10/2023 08:44,8.9
01/10/2023 08:49,8.7
01/10/2023 08:54,8.4
01/10/2023 08:59,8.2
01/10/2023 09:04,7.8
01/10/2023 09:09,7.5
01/10/2023 09:14,7.2
01/10/2023 09:19,7
01/10/2023 09:24,6.8
01/10/2023 09:29,6.5
01/10/2023 09:34,6.3
01/10/2023 09:39,5.9
01/10/2023 09:44,5.7
01/10/2023 09:49,5.5
01/10/2023 09:54,5.5
01/10/2023 09:59,5.4
01/10/2023 10:04,5.2
01/10/2023 10:09,4.9
01/10/2023 10:14,4.8
01/10/2023 10:19,4.9
01/10/2023 10:24,4.9
01/10/2023 10:29,5
01/10/2023 10:34,5.3
01/10/2023 10:39,5.9
01/10/2023 10:44,6.2
01/10/2023 10:49,6.3
01/10/2023 10:54,6.5
01/10/2023 10:59,6.5
01/10/2023 11:04,6.7
01/10/2023 11:09,6.9
01/10/2023 11:14,7
01/10/2023 11:19,7.2
01/10/2023 11:24,7.4
01/10/2023 11:29,7.5
01/10/2023 11:34,7.9
01/10/2023 11:39,8.1
01/10/2023 11:44,8.4
01/10/2023 11:49,8.6
01/10/2023 11:54,9.4
01/10/2023 11:59,11.5
01/10/2023 12:04,12.8
01/10/2023 12:09,13.2
01/10/2023 12:14,12.9
01/10/2023 12:19,12.7
01/10/2023 12:24,12.7
01/10/2023 12:29,12.9
01/10/2023 12:34,13.1
01/10/2023 12:39,12.9
01/10/2023 12:44,12.7
01/10/2023 12:49,12.5
01/10/2023 12:54,12.7
01/10/2023 12:59,12.6
01/10/2023 13:04,12.7
01/10/2023 13:09,12.7
01/10/2023 13:14,12.6
01/10/2023 13:19,12.5
01/10/2023 13:24,12.5
01/10/2023 13:29,12.5
01/10/2023 13:34,12.5
01/10/2023 13:39,12.5
01/10/2023 13:44,12.5
01/10/2023 13:49,12.6
01/10/2023 13:54,13
01/10/2023 13:59,13.2
01/10/2023 14:04,13.8
01/10/2023 14:09,13.9
01/10/2023 14:14,14
01/10/2023 14:19,14
01/10/2023 14:24,14.2
01/10/2023 14:29,14.2
01/10/2023 14:34,14.4
01/10/2023 14:39,14.7
01/10/2023 14:44,14.4
01/10/2023 14:49,13.9
01/10/2023 14:54,13.4
01/10/2023 14:59,13.1
01/10/2023 15:04,12.9
01/10/2023 15:09,13
01/10/2023 15:14,12.8
01/10/2023 15:19,12.8
01/10/2023 15:24,12.7
01/10/2023 15:29,12.5
01/10/2023 15:34,12.2
01/10/2023 15:39,11.7
01/10/2023 15:44,11.4
01/10/2023 15:49,11
01/10/2023 15:54,11
01/10/2023 15:59,10.9
01/10/2023 16:04,10.9
01/10/2023 16:09,10.8
01/10/2023 16:14,10.7
01/10/2023 16:19,10.8
01/10/2023 16:24,11.2
01/10/2023 16:29,11.5
01/10/2023 16:34,11.9
01/10/2023 16:39,12.2
01/10/2023 16:44,12.1
01/10/2023 16:49,12.3
01/10/2023 16:54,12.1
01/10/2023 16:59,12.2
01/10/2023 17:04,12.2
01/10/2023 17:09,12.5
01/10/2023 17:14,12.9
01/10/2023 17:19,13
01/10/2023 17:24,13.2
01/10/2023 17:29,13.3
01/10/2023 17:34,13.5
01/10/2023 17:39,13.4
01/10/2023 17:44,13.3
01/10/2023 17:49,13
01/10/2023 17:54,12.7
01/10/2023 17:59,12.4
01/10/2023 18:04,12.3
01/10/2023 18:09,12.1
01/10/2023 18:14,11.7
01/10/2023 18:19,11.5
01/10/2023 18:24,11.4
01/10/2023 18:29,11.5
01/10/2023 18:34,11.7
01/10/2023 18:39,12
01/10/2023 18:44,11.9
01/10/2023 18:49,11.9
01/10/2023 18:54,11.8
01/10/2023 18:59,11.8
01/10/2023 19:04,12.1
01/10/2023 19:09,12.8
01/10/2023 19:14,13
01/10/2023 19:19,13.3
01/10/2023 19:24,13.5
01/10/2023 19:29,13.7
01/10/2023 19:34,13.6
01/10/2023 19:39,13.3
01/10/2023 19:44,13.5
01/10/2023 19:49,13.8
01/10/2023 19:54,14.3
01/10/2023 19:59,14.3
01/10/2023 20:04,14.2
01/10/2023 20:09,14
01/10/2023 20:14,14.3
01/10/2023 20:19,14.7
01/10/2023 20:24,15.1
01/10/2023 20:29,15.1
01/10/2023 20:34,15.5
01/10/2023 20:39,15.8
01/10/2023 20:44,16.3
01/10/2023 20:49,16.8
01/10/2023 20:54,17
01/10/2023 20:59,17.4
01/10/2023 21:04,17.8
01/10/2023 21:09,17.8
01/10/2023 21:14,17.8
01/10/2023 21:19,17.4
01/10/2023 21:24,17.4
01/10/2023 21:29,17
01/10/2023 21:34,17
01/10/2023 21:39,16.9
01/10/2023 21:44,16.9
01/10/2023 21:49,16.8
01/10/2023 21:54,17.5
01/10/2023 21:59,18.5
01/10/2023 22:04,18.8
01/10/2023 22:09,19.1
01/10/2023 22:14,19.7
01/10/2023 22:19,19.8
01/10/2023 22:24,20.1
01/10/2023 22:29,20.5
01/10/2023 22:34,20.4
01/10/2023 22:39,20.4
01/10/2023 22:44,20.3
01/10/2023 22:49,20
01/10/2023 22:54,19.9
01/10/2023 22:59,20.4
01/10/2023 23:04,20.1
01/10/2023 23:09,21.5
01/10/2023 23:14,21.5
01/10/2023 23:19,21.3
01/10/2023 23:24,21.1
01/10/2023 23:29,20.7
01/10/2023 23:34,20.2
01/10/2023 23:39,20.3
01/10/2023 23:44,20.5
01/10/2023 23:49,20.8
01/10/2023 23:54,21.3
01/10/2023 23:59,21.9
02/10/2023 00:04,21.6
02/10/2023 00:09,21.6
02/10/2023 00:14,21.7
02/10/2023 00:19,22.1
02/10/2023 01:14,22.1
02/10/2023 01:19,21.2
02/10/2023 01:24,20.7
02/10/2023 01:29,20.2
02/10/2023 01:34,20.1
02/10/2023 01:39,20.1
02/10/2023 01:44,20.1
02/10/2023 01:49,20.2
02/10/2023 01:54,20.3
02/10/2023 01:59,20.5
02/10/2023 02:04,21.3
02/10/2023 02:09,21.1
02/10/2023 02:14,21.1
02/10/2023 02:19,21
02/10/2023 02:24,21
02/10/2023 02:29,21
02/10/2023 02:34,20.9
02/10/2023 02:39,20.4
02/10/2023 02:44,20
02/10/2023 02:49,19.6
02/10/2023 02:54,19.2
02/10/2023 02:59,19.3
02/10/2023 03:04,19.3
02/10/2023 03:09,19.4
02/10/2023 03:14,19.1
02/10/2023 03:19,18.7
02/10/2023 03:24,18.6
02/10/2023 03:29,18.4
02/10/2023 03:34,18.2
02/10/2023 03:39,17.9
02/10/2023 03:44,17.8
02/10/2023 03:49,17.8
02/10/2023 03:54,17.8
02/10/2023 03:59,17.7
02/10/2023 04:04,17.6
02/10/2023 04:09,17.7
02/10/2023 04:14,17.6
02/10/2023 04:19,17.6
02/10/2023 04:24,17.6
02/10/2023 04:29,17.7
02/10/2023 04:34,17.9
02/10/2023 04:39,18
02/10/2023 04:44,17.5
02/10/2023 04:49,17.7
02/10/2023 04:54,17.4
02/10/2023 04:59,17.5
02/10/2023 05:04,17.7
02/10/2023 05:09,17.6
02/10/2023 05:14,17.6
02/10/2023 05:19,17.8
02/10/2023 05:24,17.8
02/10/2023 05:29,17.7
02/10/2023 05:34,17.8
02/10/2023 05:39,17.6
02/10/2023 05:44,17.5
02/10/2023 05:49,18.1
02/10/2023 05:54,18.3
02/10/2023 05:59,18.3
02/10/2023 06:04,18.4
02/10/2023 06:09,18.1
02/10/2023 06:14,18
02/10/2023 06:19,18.1
02/10/2023 06:24,18.1
02/10/2023 06:29,18.1
02/10/2023 06:34,18.1
02/10/2023 06:39,18.1
02/10/2023 06:44,18
02/10/2023 06:49,17.8
02/10/2023 06:54,17.5
02/10/2023 06:59,17.4
02/10/2023 07:04,17.3
02/10/2023 07:09,17.1
02/10/2023 07:14,16.6
02/10/2023 07:19,16.2
02/10/2023 07:24,16
02/10/2023 07:29,15.8
02/10/2023 07:34,15.5
02/10/2023 07:39,14.9
02/10/2023 07:44,15.4
02/10/2023 07:49,15.3
02/10/2023 07:54,15
02/10/2023 07:59,14.1
02/10/2023 08:04,13.7
02/10/2023 08:09,13
02/10/2023 08:14,12.3
02/10/2023 08:19,11.8
02/10/2023 08:24,11.4
02/10/2023 08:29,11.2
02/10/2023 08:34,10.7
02/10/2023 08:39,10.4
02/10/2023 08:44,10
02/10/2023 08:49,10
02/10/2023 08:54,10.3
02/10/2023 08:59,10
02/10/2023 09:04,10
02/10/2023 09:09,9.5
02/10/2023 09:14,9.2
02/10/2023 09:19,8.9
02/10/2023 09:24,8.8
02/10/2023 09:29,9
02/10/2023 09:34,9
02/10/2023 09:39,9.2
02/10/2023 09:44,9.3
02/10/2023 09:49,9.4
02/10/2023 09:54,9.5
02/10/2023 09:59,9.7
02/10/2023 10:04,9.8
02/10/2023 10:09,10.1
02/10/2023 10:14,10.6
02/10/2023 10:19,11
02/10/2023 10:24,11
02/10/2023 10:29,11.3
02/10/2023 10:34,11.7
02/10/2023 10:39,12
02/10/2023 10:44,11.9
02/10/2023 10:49,12.4
02/10/2023 10:54,13.2
02/10/2023 10:59,13.7
02/10/2023 11:04,14
02/10/2023 11:09,14.3
02/10/2023 11:14,14.8
02/10/2023 11:19,15.4
02/10/2023 11:24,16
02/10/2023 11:29,16.3
02/10/2023 11:34,16.4
02/10/2023 11:39,16.9
02/10/2023 11:44,17.2
02/10/2023 11:49,17.2
02/10/2023 11:54,17.7
02/10/2023 11:59,17.5
02/10/2023 12:04,17.5
02/10/2023 12:09,16.9
02/10/2023 12:14,17
02/10/2023 12:19,16.5
02/10/2023 12:24,16.3
02/10/2023 12:29,16.1
02/10/2023 12:34,15.6
02/10/2023 12:39,15.4
02/10/2023 12:44,15.3
02/10/2023 12:49,15.3
02/10/2023 12:54,15.2
02/10/2023 12:59,14.9
02/10/2023 13:04,14.6
02/10/2023 13:09,14.5
02/10/2023 13:14,13.7
02/10/2023 13:19,13
02/10/2023 13:24,12.4
02/10/2023 13:29,12
02/10/2023 13:34,11.3
02/10/2023 13:39,10.6
02/10/2023 13:44,9.6
02/10/2023 13:49,9.2
02/10/2023 13:54,8.9
02/10/2023 13:59,8.9
02/10/2023 14:04,8.5
02/10/2023 14:09,7.8
02/10/2023 14:14,7.5
02/10/2023 14:19,7.4
02/10/2023 14:24,7.7
02/10/2023 14:29,7.9
02/10/2023 14:34,8.4
02/10/2023 14:39,8.6
02/10/2023 14:44,8.8
02/10/2023 14:49,9.2
02/10/2023 14:54,9.5
02/10/2023 14:59,9.6
02/10/2023 15:04,9.5
02/10/2023 15:09,9.2
02/10/2023 15:14,8.9
02/10/2023 15:19,8.8
02/10/2023 15:24,8.6
02/10/2023 15:29,8.4
02/10/2023 15:34,7.9
02/10/2023 15:39,7.6
02/10/2023 15:44,7.4
02/10/2023 15:49,7.3
02/10/2023 15:54,7.5
02/10/2023 15:59,7.4
02/10/2023 16:04,7.5
02/10/2023 16:09,7.4
02/10/2023 16:14,7.2
02/10/2023 16:19,7
02/10/2023 16:24,6.9
02/10/2023 16:29,6.9
02/10/2023 16:34,6.9
02/10/2023 16:39,6.9
02/10/2023 16:44,6.9
02/10/2023 16:49,6.9
02/10/2023 16:54,7
02/10/2023 16:59,7.2
02/10/2023 17:04,7.3
02/10/2023 17:09,7.2
02/10/2023 17:14,7.2
02/10/2023 17:19,7.3
02/10/2023 17:24,7.3
02/10/2023 17:29,7.1
02/10/2023 17:34,6.9
02/10/2023 17:39,6.8
02/10/2023 17:44,6.7
02/10/2023 17:49,6.5
02/10/2023 17:54,6.4
02/10/2023 17:59,6.2
02/10/2023 18:04,6
02/10/2023 18:09,6
02/10/2023 18:14,6
02/10/2023 18:19,5.9
02/10/2023 18:24,6
02/10/2023 18:29,5.8
02/10/2023 18:34,5.9
02/10/2023 18:39,5.5
02/10/2023 18:44,5
02/10/2023 18:49,4.6
02/10/2023 18:54,5
02/10/2023 18:59,5.5
02/10/2023 19:04,5.6
02/10/2023 19:09,5.7
02/10/2023 19:14,5.3
02/10/2023 19:19,5.2
02/10/2023 19:24,5.2
02/10/2023 19:29,5.6
02/10/2023 19:34,6.3
02/10/2023 19:39,6.5
02/10/2023 19:44,6.6
02/10/2023 19:49,6.8
02/10/2023 19:54,7
02/10/2023 19:59,7.4
02/10/2023 20:04,7.8
02/10/2023 20:09,7.9
02/10/2023 20:14,8
02/10/2023 20:19,8.1
02/10/2023 20:24,8.2
02/10/2023 20:29,8.1
02/10/2023 20:34,7.6
02/10/2023 20:39,7.2
02/10/2023 20:44,6.8
02/10/2023 20:49,6.2
02/10/2023 20:54,5.5
02/10/2023 20:59,4.9
02/10/2023 21:04,4.3
02/10/2023 21:09,4.3
02/10/2023 21:14,4.7
02/10/2023 21:19,4.9
02/10/2023 21:24,5.3
02/10/2023 21:29,5.7
02/10/2023 21:34,6.2
02/10/2023 21:39,6.2
02/10/2023 21:44,6.2
02/10/2023 21:49,6
02/10/2023 21:54,6.2
02/10/2023 21:59,6.5
02/10/2023 22:04,6.9
02/10/2023 22:09,6.8
02/10/2023 22:14,6.7
02/10/2023 22:19,6.6
02/10/2023 22:24,6.3
02/10/2023 22:29,6
02/10/2023 22:34,5.9
02/10/2023 22:39,5.8
02/10/2023 22:44,5.7
02/10/2023 22:49,5.8
02/10/2023 22:54,6
02/10/2023 22:59,6.3
02/10/2023 23:04,6.5
02/10/2023 23:09,6.7
02/10/2023 23:14,6.8
02/10/2023 23:19,6.9
02/10/2023 23:24,7
02/10/2023 23:29,7.1
02/10/2023 23:34,7.2
02/10/2023 23:39,7.2
02/10/2023 23:44,7.2
02/10/2023 23:49,7.2
02/10/2023 23:54,7.1
02/10/2023 23:59,7
03/10/2023 00:04,7
03/10/2023 00:09,6.9
03/10/2023 00:14,6.9
03/10/2023 00:19,6.8
03/10/2023 00:24,6.6
03/10/2023 00:29,6.4
03/10/2023 00:34,6.2
03/10/2023 00:39,6.1
03/10/2023 00:44,6
03/10/2023 00:49,6
03/10/2023 00:54,6
03/10/2023 00:59,5.9
03/10/2023 01:04,5.8
03/10/2023 01:09,5.7
03/10/2023 01:14,5.6
03/10/2023 01:19,5.6
03/10/2023 01:24,5.7
03/10/2023 01:29,5.5
03/10/2023 01:34,5.5
03/10/2023 01:39,5.4
03/10/2023 01:44,5.3
03/10/2023 01:49,5.2
03/10/2023 01:54,5.2
03/10/2023 01:59,5.3
03/10/2023 02:04,4.9
03/10/2023 02:09,4.9
03/10/2023 02:14,4.9
03/10/2023 02:19,5
03/10/2023 02:24,5.2
03/10/2023 02:29,5.3
03/10/2023 02:34,5.4
03/10/2023 02:39,5.5
03/10/2023 02:44,5.7
03/10/2023 02:49,5.9
03/10/2023 02:54,6.2
03/10/2023 02:59,6.4
03/10/2023 03:04,6.5
03/10/2023 03:09,6.5
03/10/2023 03:14,6.5
03/10/2023 03:19,6.3
03/10/2023 03:24,6.1
03/10/2023 03:29,5.9
03/10/2023 03:34,5.7
03/10/2023 03:39,5.5
03/10/2023 03:44,5.7
03/10/2023 03:49,5.8
03/10/2023 03:54,5.5
03/10/2023 03:59,5.2
03/10/2023 04:04,5.3
03/10/2023 04:09,5.2
03/10/2023 04:14,5.4
03/10/2023 04:19,5.4
03/10/2023 04:24,5.4
03/10/2023 04:29,5.5
03/10/2023 04:34,5.5
03/10/2023 04:39,5.6
03/10/2023 04:44,5.7
03/10/2023 04:49,5.8
03/10/2023 04:54,6
03/10/2023 04:59,5.8
03/10/2023 05:04,5.5
03/10/2023 05:09,5.5
03/10/2023 05:14,5.9
03/10/2023 05:19,6
03/10/2023 05:24,6
03/10/2023 05:29,5.8
03/10/2023 05:34,5.9
03/10/2023 05:39,5.8
03/10/2023 05:44,5.3
03/10/2023 05:49,4.9
03/10/2023 05:54,4.7
03/10/2023 05:59,4.8
03/10/2023 06:04,5.5
03/10/2023 06:09,6
03/10/2023 06:14,5.9
03/10/2023 06:19,5.8
03/10/2023 06:24,5.7
03/10/2023 06:29,5.7
03/10/2023 06:34,5.8
03/10/2023 06:39,5.8
03/10/2023 06:44,6.1
03/10/2023 06:49,6.2
03/10/2023 06:54,5.9
03/10/2023 06:59,5.5
03/10/2023 07:04,5.6
03/10/2023 07:09,5.6
03/10/2023 07:14,5.7
03/10/2023 07:19,5.7
03/10/2023 07:24,5.6
03/10/2023 07:29,5.5
03/10/2023 07:34,5.6
03/10/2023 07:39,5.4
03/10/2023 07:44,5.7
03/10/2023 07:49,5.5
03/10/2023 07:54,5.3
03/10/2023 07:59,5.2
03/10/2023 08:04,5.2
03/10/2023 08:09,5.4
03/10/2023 08:14,5.7
03/10/2023 08:19,6
03/10/2023 08:24,6.5
03/10/2023 08:29,6.9
03/10/2023 08:34,7.9
03/10/2023 08:39,8.9
03/10/2023 08:44,9.5
03/10/2023 08:49,10
03/10/2023 08:54,10.6
03/10/2023 08:59,10.9
03/10/2023 09:04,10.4
03/10/2023 09:09,10.1
03/10/2023 09:14,9.7
03/10/2023 09:19,9.3
03/10/2023 09:24,9
03/10/2023 09:29,8.6
03/10/2023 09:34,8.3
03/10/2023 09:39,8
03/10/2023 09:44,7.7
03/10/2023 09:49,7.3
03/10/2023 09:54,7
03/10/2023 09:59,6.8
03/10/2023 10:04,6.5
03/10/2023 10:09,6.3
03/10/2023 10:14,6.2
03/10/2023 10:19,6
03/10/2023 10:24,5.9
03/10/2023 10:29,5.8
03/10/2023 10:34,5.7
03/10/2023 10:39,5.6
03/10/2023 10:44,5.6
03/10/2023 10:49,5.5
03/10/2023 10:54,5.5
03/10/2023 10:59,5.5
03/10/2023 11:04,5.5
03/10/2023 11:09,5.5
03/10/2023 11:14,5.8
03/10/2023 11:19,5.9
03/10/2023 11:24,5.9
03/10/2023 11:29,6
03/10/2023 11:34,6.2
03/10/2023 11:39,6.5
03/10/2023 11:44,6.7
03/10/2023 11:49,6.8
03/10/2023 11:54,6.5
03/10/2023 11:59,6.5
03/10/2023 12:04,6.5
03/10/2023 12:09,6.5
03/10/2023 12:14,6.4
03/10/2023 12:19,6.4
03/10/2023 12:24,6.4
03/10/2023 12:29,6.1
03/10/2023 12:34,6
03/10/2023 12:39,6
03/10/2023 12:44,6
03/10/2023 12:49,5.8
03/10/2023 12:54,5.7
03/10/2023 12:59,5.7
03/10/2023 13:04,5.7
03/10/2023 13:09,5.8
03/10/2023 13:14,6.1
03/10/2023 13:19,6.3
03/10/2023 13:24,6.7
03/10/2023 13:29,6.7
03/10/2023 13:34,6.8
03/10/2023 13:39,6.8
03/10/2023 13:44,6.8
03/10/2023 13:49,6.8
03/10/2023 13:54,6.7
03/10/2023 13:59,6.7
03/10/2023 14:04,6.5
03/10/2023 14:09,6.5
03/10/2023 14:14,6.7
03/10/2023 14:19,6.9
03/10/2023 14:24,7
03/10/2023 14:29,7.2
03/10/2023 14:34,7.3
03/10/2023 14:39,7.4
03/10/2023 14:44,7.5
03/10/2023 14:49,7.7
03/10/2023 14:54,7.7
03/10/2023 14:59,7.8
03/10/2023 15:04,7.8
03/10/2023 15:09,8
03/10/2023 15:14,8.1
03/10/2023 15:19,8
03/10/2023 15:24,7.9
03/10/2023 15:29,7.9
03/10/2023 15:34,7.9
03/10/2023 15:39,7.9
03/10/2023 15:44,7.9
03/10/2023 15:49,7.9
03/10/2023 15:54,7.9
03/10/2023 15:59,7.9
03/10/2023 16:04,8
03/10/2023 16:09,8
03/10/2023 16:14,8
03/10/2023 16:19,7.9
03/10/2023 16:24,7.9
03/10/2023 16:29,7.9
03/10/2023 16:34,7.9
03/10/2023 16:39,7.9
03/10/2023 16:44,8
03/10/2023 16:49,8
03/10/2023 16:54,8
03/10/2023 16:59,8
03/10/2023 17:04,7.9
03/10/2023 17:09,8
03/10/2023 17:14,7.9
03/10/2023 17:19,7.7
03/10/2023 17:24,7.5
03/10/2023 17:29,7.6
03/10/2023 17:34,7.4
03/10/2023 17:39,7.4
03/10/2023 17:44,7.2
03/10/2023 17:49,6.9
03/10/2023 17:54,6.9
03/10/2023 17:59,6.9
03/10/2023 18:04,6.9
03/10/2023 18:09,7
03/10/2023 18:14,6.8
03/10/2023 18:19,6.9
03/10/2023 18:24,6.8
03/10/2023 18:29,6.8
03/10/2023 18:34,7
03/10/2023 18:39,7.3
03/10/2023 18:44,7.3
03/10/2023 18:49,7.3
03/10/2023 18:54,7.3
03/10/2023 18:59,7.4
03/10/2023 19:04,7.4
03/10/2023 19:09,7.4
03/10/2023 19:14,7.3
03/10/2023 19:19,7.3
03/10/2023 19:24,7.3
03/10/2023 19:29,7.3
03/10/2023 19:34,7.4
03/10/2023 19:39,7.4
03/10/2023 19:44,7.5
03/10/2023 19:49,7.8
03/10/2023 19:54,8.3
03/10/2023 19:59,8.5
03/10/2023 20:04,8.4
03/10/2023 20:09,8.3
03/10/2023 20:14,8.4
03/10/2023 20:19,9
03/10/2023 20:24,9.5
03/10/2023 20:29,9.7
03/10/2023 20:34,9.7
03/10/2023 20:39,9.9
03/10/2023 20:44,9.8
03/10/2023 20:49,10.2
03/10/2023 20:54,10.2
03/10/2023 20:59,10.4
03/10/2023 21:04,10.5
03/10/2023 21:09,10.1
03/10/2023 21:14,9.6
03/10/2023 21:19,8.9
03/10/2023 21:24,8.3
03/10/2023 21:29,7.8
03/10/2023 21:34,7.9
03/10/2023 21:39,8.2
03/10/2023 21:44,8.4
03/10/2023 21:49,8.6
03/10/2023 21:54,8.5
03/10/2023 21:59,8.6
03/10/2023 22:04,8.8
03/10/2023 22:09,8.8
03/10/2023 22:14,8.9
03/10/2023 22:19,8.8
03/10/2023 22:24,8.6
03/10/2023 22:29,8.1
03/10/2023 22:34,7.9
03/10/2023 22:39,8.2
03/10/2023 22:44,8.2
03/10/2023 22:49,7.8
03/10/2023 22:54,6.9
03/10/2023 22:59,6.5
03/10/2023 23:04,6.7
03/10/2023 23:09,7.3
03/10/2023 23:14,8.5
03/10/2023 23:19,9.3
03/10/2023 23:24,9.9
03/10/2023 23:29,10.2
03/10/2023 23:34,10.3
03/10/2023 23:39,10.4
03/10/2023 23:44,10.5
03/10/2023 23:49,10.8
03/10/2023 23:54,11.1
03/10/2023 23:59,11.3
04/10/2023 00:04,11.5
04/10/2023 00:09,11.9
04/10/2023 00:14,12
04/10/2023 00:19,12
04/10/2023 00:24,12
04/10/2023 00:29,11.9
04/10/2023 00:34,11.6
04/10/2023 00:39,11.3
04/10/2023 00:44,11
04/10/2023 00:49,10.7
04/10/2023 00:54,10.4
04/10/2023 00:59,9.7
04/10/2023 01:04,9
04/10/2023 01:09,8.3
04/10/2023 01:14,8.3
04/10/2023 01:19,8.3
04/10/2023 01:24,7.9
04/10/2023 01:29,7.5
04/10/2023 01:34,7.2
04/10/2023 01:39,6.9
04/10/2023 01:44,6.5
04/10/2023 01:49,6.4
04/10/2023 01:54,6.4
04/10/2023 01:59,6.4
04/10/2023 02:04,6.3
04/10/2023 02:09,6.1
04/10/2023 02:14,6
04/10/2023 02:19,5.9
04/10/2023 02:24,5.9
04/10/2023 02:29,5.9
04/10/2023 02:34,5.9
04/10/2023 02:39,5.8
04/10/2023 02:44,5.6
04/10/2023 02:49,5.5
04/10/2023 02:54,5.5
04/10/2023 02:59,5.5
04/10/2023 03:04,5.4
04/10/2023 03:09,5.3
04/10/2023 03:14,5.3
04/10/2023 03:19,5.2
04/10/2023 03:24,5.2
04/10/2023 03:29,5.2
04/10/2023 03:34,5
04/10/2023 03:39,4.9
04/10/2023 03:44,4.9
04/10/2023 03:49,4.9
04/10/2023 03:54,4.9
04/10/2023 03:59,4.8
04/10/2023 04:04,4.8
04/10/2023 04:09,4.8
04/10/2023 04:14,4.8
04/10/2023 04:20,4.8
04/10/2023 04:24,4.9
04/10/2023 04:29,5.1
04/10/2023 04:34,5.4
04/10/2023 04:40,5.5
04/10/2023 04:44,5.7
04/10/2023 04:49,5.8
04/10/2023 04:54,5.9
04/10/2023 05:00,6.2
04/10/2023 05:05,6.2
04/10/2023 05:09,6.3
04/10/2023 05:15,6.3
04/10/2023 05:19,6.4
04/10/2023 05:24,6.6
04/10/2023 05:29,6.6
04/10/2023 05:34,6.5
04/10/2023 05:39,6.4
04/10/2023 05:44,6.3
04/10/2023 05:49,6.4
04/10/2023 05:54,6.5
04/10/2023 05:59,6.5
04/10/2023 06:04,6.4
04/10/2023 06:09,6.2
04/10/2023 06:14,6
04/10/2023 06:19,5.9
04/10/2023 06:24,5.9
04/10/2023 06:29,5.9
04/10/2023 06:34,5.8
04/10/2023 06:39,5.8
04/10/2023 06:45,5.8
04/10/2023 06:49,5.8
04/10/2023 06:54,5.8
04/10/2023 06:59,5.8
04/10/2023 07:04,5.8
04/10/2023 07:10,5.7
04/10/2023 07:14,5.7
04/10/2023 07:19,5.7
04/10/2023 07:25,5.6
04/10/2023 07:30,5.5
04/10/2023 07:34,5.5
04/10/2023 07:39,5.5
04/10/2023 07:45,5.5
04/10/2023 07:50,5.5
04/10/2023 07:54,5.5
04/10/2023 07:59,5.4
04/10/2023 08:04,5.2
04/10/2023 08:10,5.1
04/10/2023 08:15,5.3
04/10/2023 08:19,5.5
04/10/2023 08:25,5.8
04/10/2023 08:30,6.1
04/10/2023 08:34,6.5
04/10/2023 08:39,6.7
04/10/2023 08:44,6.5
04/10/2023 08:50,6.2
04/10/2023 08:54,6.2
04/10/2023 08:59,6.2
04/10/2023 09:04,6.4
04/10/2023 09:09,6.4
04/10/2023 09:15,6.3
04/10/2023 09:20,6.2
04/10/2023 09:24,6.3
04/10/2023 09:30,6.3
04/10/2023 09:35,6.2
04/10/2023 09:39,6.2
04/10/2023 09:44,6.2
04/10/2023 09:49,6.3
04/10/2023 09:54,6.4
04/10/2023 09:59,6.3
04/10/2023 10:04,6.3
04/10/2023 10:09,6.3
04/10/2023 10:15,6.2
04/10/2023 10:19,6.1
04/10/2023 10:25,6
04/10/2023 10:30,6
04/10/2023 10:35,6
04/10/2023 10:39,6
04/10/2023 10:44,5.9
04/10/2023 10:49,5.9
04/10/2023 10:55,5.8
04/10/2023 11:00,5.8
04/10/2023 11:05,5.8
04/10/2023 11:10,5.8
04/10/2023 11:15,5.8
04/10/2023 11:20,5.8
04/10/2023 11:25,5.8
04/10/2023 11:30,5.9
04/10/2023 11:35,5.9
04/10/2023 11:40,5.8
04/10/2023 11:45,5.8
04/10/2023 11:50,5.9
04/10/2023 11:55,5.9
04/10/2023 12:00,5.9
04/10/2023 12:05,5.9
04/10/2023 12:10,5.9
04/10/2023 12:15,6
04/10/2023 12:20,6
04/10/2023 12:25,6
04/10/2023 12:30,6
04/10/2023 12:35,5.9
04/10/2023 12:40,5.8
04/10/2023 12:45,5.8
04/10/2023 12:50,5.8
04/10/2023 12:55,5.7
04/10/2023 13:00,5.8
04/10/2023 13:05,5.8
04/10/2023 13:10,5.8
04/10/2023 13:15,5.9
04/10/2023 13:20,6
04/10/2023 13:25,6.1
04/10/2023 13:30,6.2
04/10/2023 13:35,6.3
04/10/2023 13:40,6.3
04/10/2023 13:45,6.3
04/10/2023 13:50,6.4
04/10/2023 13:54,6.7
04/10/2023 13:59,6.7
04/10/2023 14:04,6.9
04/10/2023 14:10,7
04/10/2023 14:15,7.2
04/10/2023 14:20,7.3
04/10/2023 14:25,7.4
04/10/2023 14:30,7.5
04/10/2023 14:35,7.5
04/10/2023 14:40,7.6
04/10/2023 14:45,7.7
04/10/2023 14:50,7.7
04/10/2023 14:55,7.7
04/10/2023 15:00,7.6
04/10/2023 15:05,7.5
04/10/2023 15:10,7.7
04/10/2023 15:15,7.7
04/10/2023 15:20,7.8
04/10/2023 15:25,8
04/10/2023 15:30,7.9
04/10/2023 15:35,7.9
04/10/2023 15:40,8
04/10/2023 15:45,8
04/10/2023 15:50,7.9
04/10/2023 15:55,8.1
04/10/2023 16:00,8.2
04/10/2023 16:05,8.4
04/10/2023 16:10,8.3
04/10/2023 16:15,8.4
04/10/2023 16:20,8.3
04/10/2023 16:25,8.4
04/10/2023 16:30,8.3
04/10/2023 16:35,8.7
04/10/2023 16:40,8.6
04/10/2023 16:45,8.5
04/10/2023 16:50,8.6
04/10/2023 16:54,8.7
04/10/2023 16:59,8.7
04/10/2023 17:05,8.6
04/10/2023 17:10,8.5
04/10/2023 17:15,8.6
04/10/2023 17:20,8.5
04/10/2023 17:25,8.5
04/10/2023 17:30,8.7
04/10/2023 17:34,8.8
04/10/2023 17:40,8.8
04/10/2023 17:45,8.9
04/10/2023 17:50,8.8
04/10/2023 17:55,8.8
04/10/2023 18:00,8.6
04/10/2023 18:05,8.7
04/10/2023 18:10,8.9
04/10/2023 18:15,9
04/10/2023 18:20,9.4
04/10/2023 18:25,9.7
04/10/2023 18:30,10.1
04/10/2023 18:35,10.2
04/10/2023 18:40,10.3
04/10/2023 18:45,10.7
04/10/2023 18:50,10.9
04/10/2023 18:55,11.1
04/10/2023 19:00,10.9
04/10/2023 19:05,10.8
04/10/2023 19:10,10.5
04/10/2023 19:15,10.3
04/10/2023 19:20,9.9
04/10/2023 19:25,9.6
04/10/2023 19:30,9.4
04/10/2023 19:35,9.2
04/10/2023 19:40,9.3
04/10/2023 19:45,9.7
04/10/2023 19:50,9.6
04/10/2023 19:55,9.4
04/10/2023 20:00,9
04/10/2023 20:05,8.9
04/10/2023 20:10,8.9
04/10/2023 20:15,8.7
04/10/2023 20:20,8.5
04/10/2023 20:25,8.3
04/10/2023 20:30,8.2
04/10/2023 20:35,8.9
04/10/2023 20:40,9.7
04/10/2023 22:50,5.5
04/10/2023 22:55,4.9
04/10/2023 23:00,5.3
04/10/2023 23:05,5.8
04/10/2023 23:10,6.4
04/10/2023 23:15,6.8
04/10/2023 23:20,7.2
04/10/2023 23:25,7.5
04/10/2023 23:30,7
04/10/2023 23:35,6.7
04/10/2023 23:40,7.3
04/10/2023 23:45,7.7
04/10/2023 23:50,7.7
04/10/2023 23:55,7.5
05/10/2023 00:00,7.4
05/10/2023 00:05,7.2
05/10/2023 00:10,7
05/10/2023 00:15,7.3
05/10/2023 00:20,7
05/10/2023 00:25,6.7
05/10/2023 00:30,6.4
05/10/2023 00:35,6.4
05/10/2023 00:40,6.4
05/10/2023 00:45,7.7
05/10/2023 00:50,7.9
05/10/2023 00:55,7.7
05/10/2023 01:00,5.4
05/10/2023 01:05,5.4
05/10/2023 01:10,5.6
05/10/2023 01:15,5.8
05/10/2023 01:20,6.1
05/10/2023 01:25,5.9
05/10/2023 01:30,5.3
05/10/2023 01:35,5.5
05/10/2023 01:40,4.7
05/10/2023 01:45,4.4
05/10/2023 01:50,4.4
05/10/2023 01:55,4.3
05/10/2023 02:00,4.2
05/10/2023 02:05,4.1
05/10/2023 02:10,4.1
05/10/2023 02:15,4.4
05/10/2023 02:20,4.8
05/10/2023 02:25,5.1
05/10/2023 02:30,4.5
05/10/2023 02:35,5.5
05/10/2023 02:40,6.4
05/10/2023 02:45,7.5
05/10/2023 02:50,7.8
05/10/2023 02:55,7.7
05/10/2023 03:00,7.1
05/10/2023 03:05,7
05/10/2023 03:10,7.2
05/10/2023 03:15,7.5
05/10/2023 03:20,7.9
05/10/2023 03:25,7.6
05/10/2023 03:30,7.8
05/10/2023 03:35,8.3
05/10/2023 03:40,8.5
05/10/2023 03:45,9.1
05/10/2023 03:50,9.3
05/10/2023 03:55,8.8
05/10/2023 04:00,8.8
05/10/2023 04:05,8.7
05/10/2023 04:10,7.6
05/10/2023 04:15,7.1
05/10/2023 04:20,6.3
05/10/2023 04:25,6.4
05/10/2023 04:30,6.5
05/10/2023 04:35,6.8
05/10/2023 04:40,5.8
05/10/2023 04:45,5.1
05/10/2023 04:50,5.7
05/10/2023 04:55,6.4
05/10/2023 05:00,6.9
05/10/2023 05:05,5.9
05/10/2023 05:10,5.1
05/10/2023 05:15,4.7
05/10/2023 05:20,4.6
05/10/2023 05:25,5.5
05/10/2023 05:30,6.9
05/10/2023 05:35,6.7
05/10/2023 05:40,6.5
05/10/2023 05:45,6.3
05/10/2023 05:50,6.2
05/10/2023 05:55,6.1
05/10/2023 06:00,5.8
05/10/2023 06:05,6.3
05/10/2023 06:10,6.3
05/10/2023 06:15,5.9
05/10/2023 06:20,5.6
05/10/2023 06:25,5.1
05/10/2023 06:30,5.2
05/10/2023 06:35,5.3
05/10/2023 06:40,5.5
05/10/2023 06:45,5.7
05/10/2023 06:50,5.7
05/10/2023 06:55,5.7
05/10/2023 07:00,5.6
05/10/2023 07:05,5.6
05/10/2023 07:10,5.5
05/10/2023 07:15,5.5
05/10/2023 07:20,5.5
05/10/2023 07:25,5.5
05/10/2023 07:30,5.5
05/10/2023 07:35,4.3
05/10/2023 07:40,2.6
05/10/2023 07:45,3.4
05/10/2023 07:50,4.6
05/10/2023 07:55,5.5
05/10/2023 08:00,6.2
05/10/2023 08:05,6.2
05/10/2023 08:10,5.9
05/10/2023 08:15,6.1
05/10/2023 08:20,6.6
05/10/2023 08:25,6.5
05/10/2023 08:30,6.4
05/10/2023 08:35,6.9
05/10/2023 08:40,6.9
05/10/2023 08:45,8.3
05/10/2023 08:50,8.3
05/10/2023 08:55,8.1
05/10/2023 09:00,8
05/10/2023 09:05,8
05/10/2023 09:10,7.6
05/10/2023 09:15,7.9
05/10/2023 09:20,7.5
05/10/2023 09:25,7.8
05/10/2023 09:30,7.4
05/10/2023 09:35,7.3
05/10/2023 09:40,7.2
05/10/2023 09:45,7.2
05/10/2023 09:50,7
05/10/2023 09:55,6.8
05/10/2023 10:00,6.6
05/10/2023 10:05,6.2
05/10/2023 10:10,6.3
05/10/2023 10:15,6.1
05/10/2023 10:20,5.9
05/10/2023 10:25,5.9
05/10/2023 10:30,6
05/10/2023 10:35,5.9
05/10/2023 10:40,5.8
05/10/2023 10:45,5.1
05/10/2023 10:50,5.2
05/10/2023 10:55,5.2
05/10/2023 11:00,5.2
05/10/2023 11:05,5.4
05/10/2023 11:10,5.6
05/10/2023 11:15,5.2
05/10/2023 11:20,5.3
05/10/2023 11:25,5.2
05/10/2023 11:30,5.3
05/10/2023 11:35,5.4
05/10/2023 11:40,5.4
05/10/2023 11:45,4.9
05/10/2023 11:50,5.5
05/10/2023 11:55,5.1
05/10/2023 12:00,5
05/10/2023 12:05,5.4
05/10/2023 12:10,5.5
05/10/2023 12:15,5.7
05/10/2023 12:20,5.7
05/10/2023 12:25,5.5
05/10/2023 12:30,5.7
05/10/2023 12:35,5.2
05/10/2023 12:40,5.8
05/10/2023 12:45,6.2
05/10/2023 12:50,6.2
05/10/2023 12:55,5.9
05/10/2023 13:00,6.2
05/10/2023 13:05,6
05/10/2023 13:10,5.9
05/10/2023 13:15,5.9
05/10/2023 13:20,6
05/10/2023 13:25,6.3
05/10/2023 13:30,7.1
05/10/2023 13:35,6.8
05/10/2023 13:40,6.4
05/10/2023 13:45,6.3
05/10/2023 13:50,6.7
05/10/2023 13:55,5.9
05/10/2023 14:00,6.5
05/10/2023 14:05,6.9
05/10/2023 14:10,7.1
05/10/2023 14:15,7.3
05/10/2023 14:20,7.7
05/10/2023 14:25,7.6
05/10/2023 14:30,7.7
05/10/2023 14:35,7.5
05/10/2023 14:40,7.5
05/10/2023 14:45,7.5
05/10/2023 14:50,8.2
05/10/2023 14:55,8.4
05/10/2023 15:00,8.5
05/10/2023 15:05,8.7
05/10/2023 15:10,9
05/10/2023 15:15,9.1
05/10/2023 15:20,9.2
05/10/2023 15:25,9.3
05/10/2023 15:30,9.3
05/10/2023 15:35,9.5
05/10/2023 15:40,9.6
05/10/2023 15:45,9
05/10/2023 15:50,8.8
05/10/2023 15:55,8.7
05/10/2023 16:00,9
05/10/2023 16:05,9
05/10/2023 16:10,9.3
05/10/2023 16:15,9.3
05/10/2023 16:20,9.3
05/10/2023 16:25,9.3
05/10/2023 16:30,9.3
05/10/2023 16:35,9.3
05/10/2023 16:40,9.4
05/10/2023 16:45,9.8
05/10/2023 16:50,9.7
05/10/2023 16:55,9.5
05/10/2023 17:00,9.7
05/10/2023 17:05,9.7
05/10/2023 17:10,9.8
05/10/2023 17:15,9.8
05/10/2023 17:20,9.8
05/10/2023 17:25,9.8
05/10/2023 17:30,10
05/10/2023 17:35,9.4
05/10/2023 17:40,9
05/10/2023 17:45,8.9
05/10/2023 17:50,10
05/10/2023 17:55,9.9
05/10/2023 18:00,9.7
05/10/2023 18:05,9.2
05/10/2023 18:10,8.9
05/10/2023 18:15,8.6
05/10/2023 18:20,8.5
05/10/2023 18:25,8.4
05/10/2023 18:30,8.3
05/10/2023 18:35,8.4
05/10/2023 18:40,8.4
05/10/2023 18:45,8.4
05/10/2023 18:50,8.4
05/10/2023 18:55,7.9
05/10/2023 19:00,7.9
05/10/2023 19:05,7.9
05/10/2023 19:10,7.8
05/10/2023 19:15,7.6
05/10/2023 19:20,7.8
05/10/2023 19:25,7.8
05/10/2023 19:30,7.8
05/10/2023 19:35,7.5
05/10/2023 19:40,6.9
05/10/2023 19:45,7.3
05/10/2023 19:50,7
05/10/2023 19:55,7.5
05/10/2023 20:00,7.5
05/10/2023 20:05,7.6
05/10/2023 20:10,6.5
05/10/2023 20:15,5.9
05/10/2023 20:20,5.7
05/10/2023 20:25,6
05/10/2023 20:30,6.8
05/10/2023 20:35,6.8
05/10/2023 20:40,7.2
05/10/2023 20:45,6.5
05/10/2023 20:50,5.9
05/10/2023 20:55,6.2
05/10/2023 21:00,6
05/10/2023 21:05,6
05/10/2023 21:10,6.1
05/10/2023 21:15,6.3
05/10/2023 21:20,7.3
05/10/2023 21:25,7.2
05/10/2023 21:30,6.7
05/10/2023 21:35,6.4
05/10/2023 21:40,5.5
05/10/2023 21:45,5.2
05/10/2023 21:50,5.1
05/10/2023 21:55,4.9
05/10/2023 22:00,4.6
05/10/2023 22:05,4.7
05/10/2023 22:10,5.2
05/10/2023 22:15,5.5
05/10/2023 22:20,5.7
05/10/2023 22:25,5.5
05/10/2023 22:30,5.2
05/10/2023 22:35,5
05/10/2023 22:40,5.5
05/10/2023 22:45,5.7
05/10/2023 22:50,6.2
05/10/2023 22:55,7
05/10/2023 23:00,7.3
05/10/2023 23:05,7.3
05/10/2023 23:10,7.7
05/10/2023 23:15,7.5
05/10/2023 23:20,7.3
05/10/2023 23:25,7.7
05/10/2023 23:30,8.4
05/10/2023 23:35,9.6
05/10/2023 23:40,10.8
05/10/2023 23:45,11.7
05/10/2023 23:50,12.5
05/10/2023 23:55,13.3
06/10/2023 00:00,13.9
06/10/2023 00:05,14.3
06/10/2023 00:10,14.5
06/10/2023 00:15,14.8
06/10/2023 00:20,15
06/10/2023 00:25,15.2
06/10/2023 00:30,15.6
06/10/2023 00:35,16.3
06/10/2023 00:40,16.5
06/10/2023 00:45,15.9
06/10/2023 00:50,14.9
06/10/2023 00:55,14.9
06/10/2023 01:00,14.8
06/10/2023 01:05,14.6
06/10/2023 01:10,14.3
06/10/2023 01:15,13.8
06/10/2023 01:20,13.3
06/10/2023 01:25,13
06/10/2023 01:30,12.7
06/10/2023 01:35,13.3
06/10/2023 01:40,13.7
06/10/2023 01:45,13
06/10/2023 01:50,12.8
06/10/2023 01:55,12.5
06/10/2023 02:00,12.3
06/10/2023 02:05,12
06/10/2023 02:10,11.9
06/10/2023 02:15,11.6
06/10/2023 02:20,11.8
06/10/2023 02:25,11.9
06/10/2023 02:30,11.9
06/10/2023 02:35,12
06/10/2023 02:40,11.8
06/10/2023 02:45,11.7
06/10/2023 02:50,11.9
06/10/2023 02:55,11.9
06/10/2023 03:00,12
06/10/2023 03:05,11.9
06/10/2023 03:10,11.8
06/10/2023 03:15,11.6
06/10/2023 03:20,11.4
06/10/2023 03:25,10.8
06/10/2023 03:30,10.7
06/10/2023 03:35,10.5
06/10/2023 03:40,10.4
06/10/2023 03:45,10.2
06/10/2023 03:50,10
06/10/2023 03:55,9.8
06/10/2023 04:00,9.7
06/10/2023 04:05,9.7
06/10/2023 04:10,9.5
06/10/2023 04:15,9.3
06/10/2023 04:20,9
06/10/2023 04:25,8.8
06/10/2023 04:30,8.6
06/10/2023 04:35,8.4
06/10/2023 04:40,8.1
06/10/2023 04:45,7.8
06/10/2023 04:50,7.7
06/10/2023 04:55,7.4
06/10/2023 05:00,7.3
06/10/2023 05:05,7.2
06/10/2023 05:10,6.8
06/10/2023 05:15,6.4
06/10/2023 05:20,6.2
06/10/2023 05:25,6.2
06/10/2023 05:30,6.2
06/10/2023 05:35,5.8
06/10/2023 05:40,5.7
06/10/2023 05:45,5.5
06/10/2023 05:50,5.5
06/10/2023 05:55,5.5
06/10/2023 06:00,5.9
06/10/2023 06:05,5.9
06/10/2023 06:10,5.9
06/10/2023 06:15,5.8
06/10/2023 06:20,5.7
06/10/2023 06:25,5.9
06/10/2023 06:30,5.9
06/10/2023 06:35,5.5
06/10/2023 06:40,5.3
06/10/2023 06:45,5.6
06/10/2023 06:50,5.7
06/10/2023 06:55,5.8
06/10/2023 07:00,5.8
06/10/2023 07:05,5.8
06/10/2023 07:10,5.8
06/10/2023 07:15,5.8
06/10/2023 07:20,5
06/10/2023 07:25,4.3
06/10/2023 07:30,4.2
06/10/2023 07:35,4.6
06/10/2023 07:40,4.1
06/10/2023 07:45,4.7
06/10/2023 07:50,4.9
06/10/2023 07:55,5.5
06/10/2023 08:00,5.9
06/10/2023 08:05,6
06/10/2023 08:10,6.1
06/10/2023 08:15,6.5
06/10/2023 08:20,6.5
06/10/2023 08:25,7
06/10/2023 08:30,7.4
06/10/2023 08:35,7.8
06/10/2023 08:40,7.9
06/10/2023 08:45,8.3
06/10/2023 08:50,8.7
06/10/2023 08:55,8.9
06/10/2023 09:00,9
06/10/2023 09:05,9
06/10/2023 09:10,9.2
06/10/2023 09:15,9.1
06/10/2023 09:20,9.4
06/10/2023 09:25,9.5
06/10/2023 09:30,9.7
06/10/2023 09:35,9.9
06/10/2023 09:40,9.7
06/10/2023 09:45,9.4
06/10/2023 09:50,9.2
06/10/2023 09:55,9.4
06/10/2023 10:00,9.4
06/10/2023 10:05,9
06/10/2023 10:10,8.8
06/10/2023 10:15,8.6
06/10/2023 10:20,8.4
06/10/2023 10:25,8.3
06/10/2023 10:30,8.2
06/10/2023 10:35,8.1
06/10/2023 10:40,8
06/10/2023 10:45,7.9
06/10/2023 10:50,7.8
06/10/2023 10:55,7.7
06/10/2023 11:00,7.6
06/10/2023 11:05,7.6
06/10/2023 11:10,7.6
06/10/2023 11:15,7.9
06/10/2023 11:20,8.1
06/10/2023 11:25,7.8
06/10/2023 11:30,7.7
06/10/2023 11:35,7.4
06/10/2023 11:40,7.2
06/10/2023 11:45,7.1
06/10/2023 11:50,7
06/10/2023 11:55,6.9
06/10/2023 12:00,6.8
06/10/2023 12:05,6.7
06/10/2023 12:10,6.9
06/10/2023 12:15,6.9
06/10/2023 12:20,6.8
06/10/2023 12:25,6.8
06/10/2023 12:30,6.8
06/10/2023 12:35,6.7
06/10/2023 12:40,6.7
06/10/2023 12:45,6.9
06/10/2023 12:50,6.8
06/10/2023 12:55,6.6
06/10/2023 13:00,6.6
06/10/2023 13:05,6.5
06/10/2023 13:10,6.7
06/10/2023 13:15,6.7
06/10/2023 13:20,6.7
06/10/2023 13:25,7.2
06/10/2023 13:30,7.4
06/10/2023 13:35,7.8
06/10/2023 13:40,8.3
06/10/2023 13:45,8.3
06/10/2023 13:50,8.7
06/10/2023 13:55,8.6
06/10/2023 14:00,8.3
06/10/2023 14:05,8.1
06/10/2023 14:10,8
06/10/2023 14:15,8.3
06/10/2023 14:20,8.8
06/10/2023 14:25,8.8
06/10/2023 14:30,9.3
06/10/2023 14:35,9.3
06/10/2023 14:40,9
06/10/2023 14:45,8.9
06/10/2023 14:50,8.8
06/10/2023 14:55,8.5
06/10/2023 15:00,9.2
06/10/2023 15:05,9.5
06/10/2023 15:10,9.5
06/10/2023 15:15,9.4
06/10/2023 15:20,9.3
06/10/2023 15:25,9.4
06/10/2023 15:30,10
06/10/2023 15:35,10.3
06/10/2023 15:40,9.9
06/10/2023 15:45,9.5
06/10/2023 15:50,8.5
06/10/2023 15:55,8
06/10/2023 16:00,7.8
06/10/2023 16:05,7.2
06/10/2023 16:10,6.9
06/10/2023 16:15,6.5
06/10/2023 16:20,5.9
06/10/2023 16:25,6.2
06/10/2023 16:30,6.3
06/10/2023 16:35,6.2
06/10/2023 16:40,6.3
06/10/2023 16:45,6.2
06/10/2023 16:50,5.9
06/10/2023 16:55,5.4
06/10/2023 17:00,4.9
06/10/2023 17:05,4.9
06/10/2023 17:10,4.9
06/10/2023 17:15,4.8
06/10/2023 17:20,4.8
06/10/2023 17:25,4.7
06/10/2023 17:30,4.8
06/10/2023 17:35,5
06/10/2023 17:40,4.9
06/10/2023 17:45,5.5
06/10/2023 17:50,4.7
06/10/2023 17:55,3.9
06/10/2023 18:00,3.1
06/10/2023 18:05,3.7
06/10/2023 18:10,4.7
06/10/2023 18:15,5.7
06/10/2023 18:20,6.5
06/10/2023 18:25,7.2
06/10/2023 18:30,6.9
06/10/2023 18:35,6.3
06/10/2023 18:40,7.1
06/10/2023 18:45,8.2
06/10/2023 18:50,8.8
06/10/2023 18:55,8.7
06/10/2023 19:00,9.4
06/10/2023 19:05,11.2
06/10/2023 19:10,12.3
06/10/2023 19:15,12.6
06/10/2023 19:20,13.7
06/10/2023 19:25,13.8
06/10/2023 19:30,13.9
06/10/2023 19:35,14.4
06/10/2023 19:40,14.4
06/10/2023 19:45,14.4
06/10/2023 19:50,13.9
06/10/2023 19:55,13.4
06/10/2023 20:00,13.5
06/10/2023 20:05,13.5
06/10/2023 20:10,13.8
06/10/2023 20:15,13.8
06/10/2023 20:20,13.5
06/10/2023 20:25,12.7
06/10/2023 20:30,12.5
06/10/2023 20:35,13.5
06/10/2023 20:40,14.7
06/10/2023 20:45,15.5
06/10/2023 20:50,15.8
06/10/2023 20:55,15.3
06/10/2023 21:00,15.2
06/10/2023 21:05,15.8
06/10/2023 21:10,16.3
06/10/2023 21:15,15.4
06/10/2023 21:20,14.1
06/10/2023 21:25,12.2
06/10/2023 21:30,11.4
06/10/2023 21:35,11.4
06/10/2023 21:40,11
06/10/2023 21:45,10.5
06/10/2023 21:50,10.3
06/10/2023 21:55,9.6
06/10/2023 22:00,9.2
06/10/2023 22:05,8.7
06/10/2023 22:10,8.2
06/10/2023 22:15,7.5
06/10/2023 22:20,6.8
06/10/2023 22:25,6.1
06/10/2023 22:30,6
06/10/2023 22:35,6
06/10/2023 22:40,6.3
06/10/2023 22:45,7.1
06/10/2023 22:50,6.8
06/10/2023 22:55,6
06/10/2023 23:00,6.7
06/10/2023 23:05,7.4
06/10/2023 23:10,8.2
06/10/2023 23:15,9
06/10/2023 23:20,9
06/10/2023 23:25,8.9
06/10/2023 23:30,8.8
06/10/2023 23:35,8.2
06/10/2023 23:40,7.9
06/10/2023 23:45,7
06/10/2023 23:50,6.9
06/10/2023 23:55,7.3
07/10/2023 00:00,7.8
07/10/2023 00:05,8.5
07/10/2023 00:10,9
07/10/2023 00:15,9.5
07/10/2023 00:20,9.9
07/10/2023 00:25,9.9
07/10/2023 00:30,10.2
07/10/2023 00:35,10.5
07/10/2023 00:40,10
07/10/2023 00:45,9.8
07/10/2023 00:50,9.7
07/10/2023 00:55,9.6
07/10/2023 01:00,9.5
07/10/2023 01:05,9.4
07/10/2023 01:10,9.1
07/10/2023 01:15,8.9
07/10/2023 01:20,8.7
07/10/2023 01:25,8.6
07/10/2023 01:30,8.3
07/10/2023 01:35,7.9
07/10/2023 01:40,9
07/10/2023 01:45,9
07/10/2023 01:50,8.7
07/10/2023 01:55,8.4
07/10/2023 02:00,8.1
07/10/2023 02:05,7.8
07/10/2023 02:10,7.3
07/10/2023 02:15,7.2
07/10/2023 02:20,7.3
07/10/2023 02:25,7.2
07/10/2023 02:30,7.2
07/10/2023 02:35,7
07/10/2023 02:40,7
07/10/2023 02:45,7
07/10/2023 02:50,7.1
07/10/2023 02:55,7.2
07/10/2023 03:00,7
07/10/2023 03:05,7
07/10/2023 03:10,7
07/10/2023 03:15,7.2
07/10/2023 03:20,7.1
07/10/2023 03:25,7
07/10/2023 03:30,6.9
07/10/2023 03:35,6.9
07/10/2023 03:40,6.9
07/10/2023 03:45,6.7
07/10/2023 03:50,6.4
07/10/2023 03:55,5.8
07/10/2023 04:00,5.5
07/10/2023 04:05,5.8
07/10/2023 04:10,6.1
07/10/2023 04:15,6.2
07/10/2023 04:20,5.4
07/10/2023 04:25,4.6
07/10/2023 04:30,4.2
07/10/2023 04:35,4.2
07/10/2023 04:40,4.9
07/10/2023 04:45,5.8
07/10/2023 04:50,6.2
07/10/2023 04:55,6.2
07/10/2023 05:00,5.8
07/10/2023 05:05,4.7
07/10/2023 05:10,4.1
07/10/2023 05:15,4.2
07/10/2023 05:20,4.6
07/10/2023 05:25,4.9
07/10/2023 05:30,5.1
07/10/2023 05:35,5.9
07/10/2023 05:40,7
07/10/2023 05:45,6.9
07/10/2023 05:50,6.9
07/10/2023 05:55,5.6
07/10/2023 06:00,4.3
07/10/2023 06:05,4.3
07/10/2023 06:10,5.5
07/10/2023 06:15,6.3
07/10/2023 06:20,6.7
07/10/2023 06:25,6.9
07/10/2023 06:30,6.5
07/10/2023 06:35,6
07/10/2023 06:40,5.7
07/10/2023 06:45,5.2
07/10/2023 06:50,4.9
07/10/2023 06:55,5
07/10/2023 07:00,5
07/10/2023 07:05,5.1
07/10/2023 07:10,5.2
07/10/2023 07:15,5.1
07/10/2023 07:20,5.8
07/10/2023 07:25,5.9
07/10/2023 07:30,6
07/10/2023 07:35,6
07/10/2023 07:40,5.8
07/10/2023 07:45,5.9
07/10/2023 07:50,5.5
07/10/2023 07:55,5.6
07/10/2023 08:00,5.9
07/10/2023 08:05,5.9
07/10/2023 08:10,6.2
07/10/2023 08:15,6.3
07/10/2023 08:20,6
07/10/2023 08:25,5.8
07/10/2023 08:30,5.8
07/10/2023 08:35,5.9
07/10/2023 08:40,5.9
07/10/2023 08:45,5.9
07/10/2023 08:50,5.9
07/10/2023 08:55,6.1
07/10/2023 09:00,6.3
07/10/2023 09:05,6.7
07/10/2023 09:10,6.9
07/10/2023 09:15,7
07/10/2023 09:20,7.1
07/10/2023 09:25,7.3
07/10/2023 09:30,7.3
07/10/2023 09:35,7.4
07/10/2023 09:40,7.7
07/10/2023 09:45,7.7
07/10/2023 09:50,7.8
07/10/2023 09:55,8.2
07/10/2023 10:00,8.4
07/10/2023 10:05,8.7
07/10/2023 10:10,9.1
07/10/2023 10:15,9.5
07/10/2023 10:20,9.5
07/10/2023 10:25,9.4
07/10/2023 10:30,9.5
07/10/2023 10:35,9.9
07/10/2023 10:40,10.1
07/10/2023 10:45,10.3
07/10/2023 10:50,10.2
07/10/2023 10:55,9.9
07/10/2023 11:00,9.8
07/10/2023 11:05,9.6
07/10/2023 11:10,9.5
07/10/2023 11:15,9.4
07/10/2023 11:20,9.6
07/10/2023 11:25,9.3
07/10/2023 11:30,9.1
07/10/2023 11:35,8.7
07/10/2023 11:40,8.4
07/10/2023 11:45,8.2
07/10/2023 11:50,7.8
07/10/2023 11:55,7.4
07/10/2023 12:00,7.2
07/10/2023 12:05,7
07/10/2023 12:10,7
07/10/2023 12:15,7
07/10/2023 12:20,7.4
07/10/2023 12:25,7.4
07/10/2023 12:30,7.5
07/10/2023 12:35,7.7
07/10/2023 12:40,7.6
07/10/2023 12:45,7.4
07/10/2023 12:50,7.3
07/10/2023 12:55,7.3
07/10/2023 13:00,7.2
07/10/2023 13:05,7
07/10/2023 13:10,6.5
07/10/2023 13:15,5.9
07/10/2023 13:20,6.1
07/10/2023 13:25,6.4
07/10/2023 13:30,6.4
07/10/2023 13:35,6.4
07/10/2023 13:40,6.4
07/10/2023 13:45,6.6
07/10/2023 13:50,6.7
07/10/2023 13:55,6.7
07/10/2023 14:00,6.6
07/10/2023 14:05,6.5
07/10/2023 14:10,6.8
07/10/2023 14:15,7
07/10/2023 14:20,7.2
07/10/2023 14:25,7.3
07/10/2023 14:30,7.3
07/10/2023 14:35,7.3
07/10/2023 14:40,7.3
07/10/2023 14:45,7.3
07/10/2023 14:50,7.2
07/10/2023 14:55,7.1
07/10/2023 15:00,6.9
07/10/2023 15:05,6.8
07/10/2023 15:10,6.5
07/10/2023 15:15,6.4
07/10/2023 15:20,6.2
07/10/2023 15:25,6
07/10/2023 15:30,5.8
07/10/2023 15:35,5.8
07/10/2023 15:40,5.9
07/10/2023 15:45,5.8
07/10/2023 15:50,5.7
07/10/2023 15:55,5.7
07/10/2023 16:00,5.6
07/10/2023 16:05,5.5
07/10/2023 16:10,5.4
07/10/2023 16:15,5.3
07/10/2023 16:20,5.3
07/10/2023 16:25,5.3
07/10/2023 16:30,5.5
07/10/2023 16:35,5.7
07/10/2023 16:40,5.8
07/10/2023 16:45,6
07/10/2023 16:50,6.3
07/10/2023 16:55,6.5
07/10/2023 17:00,6.7
07/10/2023 17:05,7
07/10/2023 17:10,7.3
07/10/2023 17:15,7.8
07/10/2023 17:20,8.3
07/10/2023 17:25,8.7
07/10/2023 17:30,9.2
07/10/2023 17:35,9.9
07/10/2023 17:40,10.5
07/10/2023 17:45,10.9
07/10/2023 17:50,11.5
07/10/2023 17:55,12.5
07/10/2023 18:00,12.5
07/10/2023 18:05,12.5
07/10/2023 18:10,12.7
07/10/2023 18:15,12.4
07/10/2023 18:20,12.2
07/10/2023 18:25,11.7
07/10/2023 18:30,10.6
07/10/2023 18:35,9.7
07/10/2023 18:40,9.4
07/10/2023 18:45,9.1
07/10/2023 18:50,8.8
07/10/2023 18:55,7.9
07/10/2023 19:00,7.4
07/10/2023 19:05,6.6
07/10/2023 19:10,6.7
07/10/2023 19:15,7
07/10/2023 19:20,6.8
07/10/2023 19:25,6.5
07/10/2023 19:30,6.3
07/10/2023 19:35,6.1
07/10/2023 19:40,6.1
07/10/2023 19:45,5.8
07/10/2023 19:50,5.8
07/10/2023 19:55,6.3
07/10/2023 20:00,7.3
07/10/2023 20:05,7
07/10/2023 20:10,6.3
07/10/2023 20:15,5.9
07/10/2023 20:20,5.8
07/10/2023 20:25,6.2
07/10/2023 20:30,6.3
07/10/2023 20:35,6.5
07/10/2023 20:40,6.7
07/10/2023 20:45,6.7
07/10/2023 20:50,6.8
07/10/2023 20:55,6.9
07/10/2023 21:00,6.9
07/10/2023 21:05,7.1
07/10/2023 21:10,7.2
07/10/2023 21:15,7.2
07/10/2023 21:20,7.2
07/10/2023 21:25,7.5
07/10/2023 21:30,8.2
07/10/2023 21:35,9
07/10/2023 21:40,9.5
07/10/2023 21:45,9.8
07/10/2023 21:50,9.2
07/10/2023 21:55,8.7
07/10/2023 22:00,7.8
07/10/2023 22:05,7.2
07/10/2023 22:10,6.8
07/10/2023 22:15,6.9
07/10/2023 22:20,6.9
07/10/2023 22:25,6.7
07/10/2023 22:30,6.4
07/10/2023 22:35,5.5
07/10/2023 22:40,4.6
07/10/2023 22:45,4.4
07/10/2023 22:50,4.3
07/10/2023 22:55,4.4
07/10/2023 23:00,4.7
07/10/2023 23:05,4.7
07/10/2023 23:10,4.5
07/10/2023 23:15,4.7
07/10/2023 23:20,4.8
07/10/2023 23:25,4.4
07/10/2023 23:30,4.6
07/10/2023 23:35,4.7
07/10/2023 23:40,4.9
07/10/2023 23:45,5.2
07/10/2023 23:50,5.5
07/10/2023 23:55,5.3
08/10/2023 00:00,5.2
08/10/2023 00:05,5.3
08/10/2023 00:10,5.4
08/10/2023 00:15,5.3
08/10/2023 00:20,5.4
08/10/2023 00:25,5.6
08/10/2023 00:30,5.8
08/10/2023 00:35,6
08/10/2023 00:40,6
08/10/2023 00:45,5.9
08/10/2023 00:50,6
08/10/2023 00:55,5.9
08/10/2023 01:00,5.7
08/10/2023 01:05,5.6
08/10/2023 01:10,5.6
08/10/2023 01:15,5.2
08/10/2023 01:20,5
08/10/2023 01:25,5.7
08/10/2023 01:30,6.6
08/10/2023 01:35,6.6
08/10/2023 01:40,6.9
08/10/2023 01:45,6.9
08/10/2023 01:50,7
08/10/2023 01:55,7.3
08/10/2023 02:00,7.8
08/10/2023 02:05,7.8
08/10/2023 02:10,7.7
08/10/2023 02:15,7.8
08/10/2023 02:20,7.9
08/10/2023 02:25,8
08/10/2023 02:30,8.1
08/10/2023 02:35,8.1
08/10/2023 02:40,8.2
08/10/2023 02:45,8.2
08/10/2023 02:50,8.2
08/10/2023 02:55,8.3
08/10/2023 03:00,8.6
08/10/2023 03:05,8.5
08/10/2023 03:10,8.4
08/10/2023 03:15,8.3
08/10/2023 03:20,8.3
08/10/2023 03:25,8.3
08/10/2023 03:30,8.2
08/10/2023 03:35,7.6
08/10/2023 03:40,7.2
08/10/2023 03:45,7.2
08/10/2023 03:50,7.1
08/10/2023 03:55,7
08/10/2023 04:00,6.8
08/10/2023 04:05,6.7
08/10/2023 04:10,6.5
08/10/2023 04:15,6.4
08/10/2023 04:20,6.4
08/10/2023 04:25,6.5
08/10/2023 04:30,6.5
08/10/2023 04:35,6.6
08/10/2023 04:40,6.7
08/10/2023 04:45,6.6
08/10/2023 04:50,6.7
08/10/2023 04:55,6.7
08/10/2023 05:00,6.7
08/10/2023 05:05,6.4
08/10/2023 05:10,5.9
08/10/2023 05:15,6.3
08/10/2023 05:20,6.3
08/10/2023 05:25,6.3
08/10/2023 05:30,6.2
08/10/2023 05:35,6.2
08/10/2023 05:40,6.2
08/10/2023 05:45,6
08/10/2023 05:50,5.8
08/10/2023 05:55,5.7
08/10/2023 06:00,5.9
08/10/2023 06:05,5.9
08/10/2023 06:10,6
08/10/2023 06:15,6
08/10/2023 06:20,5.7
08/10/2023 06:25,5.6
08/10/2023 06:30,5.6
08/10/2023 06:35,5.7
08/10/2023 06:40,5.7
08/10/2023 06:45,5.8
08/10/2023 06:50,5.8
08/10/2023 06:55,5.9
08/10/2023 07:00,6
08/10/2023 07:05,5.8
08/10/2023 07:10,4.7
08/10/2023 07:15,4.8
08/10/2023 07:20,5.8
08/10/2023 07:25,6.5
08/10/2023 07:30,6.9
08/10/2023 07:35,7
08/10/2023 07:40,6.8
08/10/2023 07:45,6.9
08/10/2023 07:50,6.7
08/10/2023 07:55,6.5
08/10/2023 08:00,6.5
08/10/2023 08:05,6.1
08/10/2023 08:10,5.8
08/10/2023 08:15,5.6
08/10/2023 08:20,5.5
08/10/2023 08:25,5.5
08/10/2023 08:30,5.5
08/10/2023 08:35,6.2
08/10/2023 08:40,6.2
08/10/2023 08:45,6.5
08/10/2023 08:50,6.4
08/10/2023 08:55,6.1
08/10/2023 09:00,5.9
08/10/2023 09:05,5.9
08/10/2023 09:10,6
08/10/2023 09:15,6.1
08/10/2023 09:20,6
08/10/2023 09:25,6.2
08/10/2023 09:30,6.6
08/10/2023 09:35,7
08/10/2023 09:40,7.2
08/10/2023 09:45,7.3
08/10/2023 09:50,7.3
08/10/2023 09:55,7.3
08/10/2023 10:00,7
08/10/2023 10:05,7.6
08/10/2023 10:10,7.1
08/10/2023 10:15,6.9
08/10/2023 10:20,7.2
08/10/2023 10:25,6.4
08/10/2023 10:30,7.3
08/10/2023 10:35,7.6
08/10/2023 10:40,7.4
08/10/2023 10:45,7.2
08/10/2023 10:50,6.9
08/10/2023 10:55,6.7
08/10/2023 11:00,6.5
08/10/2023 11:05,6.4
08/10/2023 11:10,6.2
08/10/2023 11:15,6
08/10/2023 11:20,5.9
08/10/2023 11:25,5.5
08/10/2023 11:30,5.3
08/10/2023 11:35,4.9
08/10/2023 11:40,4.8
08/10/2023 11:45,4.8
08/10/2023 11:50,4.7
08/10/2023 11:55,4.7
08/10/2023 12:00,4.9
08/10/2023 12:05,5.2
08/10/2023 12:10,5.3
08/10/2023 12:15,5.5
08/10/2023 12:20,5.5
08/10/2023 12:25,5.4
08/10/2023 12:30,5.4
08/10/2023 12:35,5.3
08/10/2023 12:40,5.4
08/10/2023 12:45,5.5
08/10/2023 12:50,5.5
08/10/2023 12:55,5.5
08/10/2023 13:00,5.2
08/10/2023 13:05,4.9
08/10/2023 13:10,5
08/10/2023 13:15,5
08/10/2023 13:20,5.1
08/10/2023 13:25,5.4
08/10/2023 13:30,5.7
08/10/2023 13:35,5.9
08/10/2023 13:40,6.3
08/10/2023 13:45,6.4
08/10/2023 13:50,6.6
08/10/2023 13:55,6.8
08/10/2023 14:00,7
08/10/2023 14:05,7.5
08/10/2023 14:10,7.8
08/10/2023 14:15,7.8
08/10/2023 14:20,8
08/10/2023 14:25,8.2
08/10/2023 14:30,8.5
08/10/2023 14:35,8.5
08/10/2023 14:40,8.4
08/10/2023 14:45,8.3
08/10/2023 14:50,8.2
08/10/2023 14:55,8.2
08/10/2023 15:00,8.2
08/10/2023 15:05,8.3
08/10/2023 15:10,8.5
08/10/2023 15:15,8.6
08/10/2023 15:20,8.6
08/10/2023 15:25,8.6
08/10/2023 15:30,8.7
08/10/2023 15:35,8.7
08/10/2023 15:40,8.6
08/10/2023 15:45,8.5
08/10/2023 15:50,8.5
08/10/2023 15:55,8.2
08/10/2023 16:00,8.4
08/10/2023 16:05,8
08/10/2023 16:10,7.9
08/10/2023 16:15,8
08/10/2023 16:20,8.1
08/10/2023 16:25,7.9
08/10/2023 16:30,8
08/10/2023 16:35,7.9
08/10/2023 16:40,7.9
08/10/2023 16:45,7.9
08/10/2023 16:50,7.7
08/10/2023 16:55,7.7
08/10/2023 17:00,7.7
08/10/2023 17:05,8.1
08/10/2023 17:10,8.2
08/10/2023 17:15,8.2
08/10/2023 17:20,8.2
08/10/2023 17:25,8.2
08/10/2023 17:30,8.2
08/10/2023 17:35,8.3
08/10/2023 17:40,8.4
08/10/2023 17:45,8.5
08/10/2023 17:50,8.8
08/10/2023 17:55,8.7
08/10/2023 18:00,8.7
08/10/2023 18:05,8.8
08/10/2023 18:10,8.9
08/10/2023 18:15,8.8
08/10/2023 18:20,8.9
08/10/2023 18:25,8.9
08/10/2023 18:30,9.1
08/10/2023 18:35,9.4
08/10/2023 18:40,9.8
08/10/2023 18:45,10.3
08/10/2023 18:50,10.2
08/10/2023 18:55,10.5
08/10/2023 19:00,10.7
08/10/2023 19:05,10.8
08/10/2023 19:10,10.8
08/10/2023 19:15,11
08/10/2023 19:20,11.2
08/10/2023 19:25,11.2
08/10/2023 19:30,11
08/10/2023 19:35,10.8
08/10/2023 19:40,10.7
08/10/2023 19:45,10.5
08/10/2023 19:50,10.2
08/10/2023 19:55,10
08/10/2023 20:00,9.7
08/10/2023 20:05,9.2
08/10/2023 20:10,9.2
08/10/2023 20:15,8.9
08/10/2023 20:20,8.5
08/10/2023 20:25,8.4
08/10/2023 20:30,8
08/10/2023 20:35,7.8
08/10/2023 20:40,7.5
08/10/2023 20:45,6.8
08/10/2023 20:50,6.4
08/10/2023 20:55,6.3
08/10/2023 21:00,6
08/10/2023 21:05,6
08/10/2023 21:10,6
08/10/2023 21:15,5.7
08/10/2023 21:20,5.4
08/10/2023 21:25,5.2
08/10/2023 21:30,5
08/10/2023 21:35,4.8
08/10/2023 21:40,4.9
08/10/2023 21:45,4.9
08/10/2023 21:50,5.2
08/10/2023 21:55,5.2
08/10/2023 22:00,5.3
08/10/2023 22:05,5.4
08/10/2023 22:10,5.4
08/10/2023 22:15,5.6
08/10/2023 22:20,6.1
08/10/2023 22:25,6.3
08/10/2023 22:30,5.3
08/10/2023 22:35,4.7
08/10/2023 22:40,4.6
08/10/2023 22:45,5
08/10/2023 22:50,5.5
08/10/2023 22:55,6.4
08/10/2023 23:00,7.5
08/10/2023 23:05,8.2
08/10/2023 23:10,8.5
08/10/2023 23:15,8.4
08/10/2023 23:20,8
08/10/2023 23:25,8.3
08/10/2023 23:30,8.6
08/10/2023 23:35,8.5
08/10/2023 23:40,8.7
08/10/2023 23:45,8.8
08/10/2023 23:50,8.9
08/10/2023 23:55,9
09/10/2023 00:00,9.2
09/10/2023 00:05,9.4
09/10/2023 00:10,9.4
09/10/2023 00:15,9.3
09/10/2023 00:20,9
09/10/2023 00:25,8.3
09/10/2023 00:30,8.3
09/10/2023 00:35,8.3
09/10/2023 00:40,8.2
09/10/2023 00:45,8.7
09/10/2023 00:50,9.3
09/10/2023 00:55,9.3
09/10/2023 01:00,8.9
09/10/2023 01:05,8.8
09/10/2023 01:10,8.5
09/10/2023 01:15,8.4
09/10/2023 01:20,8.3
09/10/2023 01:25,8.4
09/10/2023 01:30,8.4
09/10/2023 01:35,8.4
09/10/2023 01:40,8.4
09/10/2023 01:45,8.3
09/10/2023 01:50,8
09/10/2023 01:55,8.3
09/10/2023 02:00,8.3
09/10/2023 02:05,8.4
09/10/2023 02:10,8.3
09/10/2023 02:15,8.2
09/10/2023 02:20,8.1
09/10/2023 02:25,8
09/10/2023 02:30,7.9
09/10/2023 02:35,7.7
09/10/2023 02:40,7.4
09/10/2023 02:45,7.4
09/10/2023 02:50,7.3
09/10/2023 02:55,7.1
09/10/2023 03:00,7.2
09/10/2023 03:05,7.2
09/10/2023 03:10,7.1
09/10/2023 03:15,6.9
09/10/2023 03:20,7
09/10/2023 03:25,7
09/10/2023 03:30,6.5
09/10/2023 03:35,6.4
09/10/2023 03:40,6.8
09/10/2023 03:45,6.9
09/10/2023 03:50,7
09/10/2023 03:55,6.9
09/10/2023 04:00,6.9
09/10/2023 04:05,7
09/10/2023 04:10,7.1
09/10/2023 04:15,7.2
09/10/2023 04:20,7.2
09/10/2023 04:25,7.2
09/10/2023 04:30,7.1
09/10/2023 04:35,7
09/10/2023 04:40,7
09/10/2023 04:45,7
09/10/2023 04:50,6.9
09/10/2023 04:55,6.8
09/10/2023 05:00,6.6
09/10/2023 05:05,6.6
09/10/2023 05:10,6.5
09/10/2023 05:15,6.4
09/10/2023 05:20,6.3
09/10/2023 05:25,5.9
09/10/2023 05:30,5.3
09/10/2023 05:35,4.8
09/10/2023 05:40,5.4
09/10/2023 05:45,5.5
09/10/2023 05:50,5.7
09/10/2023 05:55,6
09/10/2023 06:00,6
09/10/2023 06:05,6
09/10/2023 06:10,5.9
09/10/2023 06:15,5.9
09/10/2023 06:20,5.9
09/10/2023 06:25,5.4
09/10/2023 06:30,5.7
09/10/2023 06:35,5.9
09/10/2023 06:40,5.8
09/10/2023 06:45,5.8
09/10/2023 06:50,5.7
09/10/2023 06:55,5.8
09/10/2023 07:00,6.2
09/10/2023 07:05,6.5
09/10/2023 07:10,6.6
09/10/2023 07:15,6.9
09/10/2023 07:20,7.2
09/10/2023 07:25,7.2
09/10/2023 07:30,7.2
09/10/2023 07:35,7.1
09/10/2023 07:40,7.3
09/10/2023 07:45,7.3
09/10/2023 07:50,7.3
09/10/2023 07:55,7.1
09/10/2023 08:00,6.8
09/10/2023 08:05,6.7
09/10/2023 08:10,6.3
09/10/2023 08:15,6.1
09/10/2023 08:20,6
09/10/2023 08:25,6
09/10/2023 08:30,5.9
09/10/2023 08:35,5.8
09/10/2023 08:40,5.7
09/10/2023 08:45,5.7
09/10/2023 08:50,5.6
09/10/2023 08:55,5.6
09/10/2023 09:00,5.7
09/10/2023 09:05,5.8
09/10/2023 09:10,5.9
09/10/2023 09:15,6.1
09/10/2023 09:20,6.2
09/10/2023 09:25,6.5
09/10/2023 09:30,6.7
09/10/2023 09:35,6.8
09/10/2023 09:40,6.9
09/10/2023 09:45,7.2
09/10/2023 09:50,7.5
09/10/2023 09:55,7.8
09/10/2023 10:00,8.2
09/10/2023 10:05,8.5
09/10/2023 10:10,8.8
09/10/2023 10:15,9.3
09/10/2023 10:20,9.7
09/10/2023 10:25,9.9
09/10/2023 10:30,10
09/10/2023 10:35,10.2
09/10/2023 10:40,10.3
09/10/2023 10:45,10.3
09/10/2023 10:50,10.1
09/10/2023 10:55,10.1
09/10/2023 11:00,10
09/10/2023 11:05,10.1
09/10/2023 11:10,10
09/10/2023 11:15,9.9
09/10/2023 11:20,9.8
09/10/2023 11:25,9.7
09/10/2023 11:30,9.5
09/10/2023 11:35,9.4
09/10/2023 11:40,9.4
09/10/2023 11:45,9.2
09/10/2023 11:50,9
09/10/2023 11:55,8.9
09/10/2023 12:00,8.8
09/10/2023 12:05,8.7
09/10/2023 12:10,8.7
09/10/2023 12:15,8.6
09/10/2023 12:20,8.5
09/10/2023 12:25,8.4
09/10/2023 12:30,8.3
09/10/2023 12:35,8.2
09/10/2023 12:40,8
09/10/2023 12:45,7.9
09/10/2023 12:50,7.8
09/10/2023 12:55,7.7
09/10/2023 13:00,7.8
09/10/2023 13:05,7.5
09/10/2023 13:10,7.4
09/10/2023 13:15,7.3
09/10/2023 13:20,7
09/10/2023 13:25,7
09/10/2023 13:30,6.8
09/10/2023 13:35,6.9
09/10/2023 13:40,7.2
09/10/2023 13:45,7.4
09/10/2023 13:50,7.8
09/10/2023 13:55,8.3
09/10/2023 14:00,8.7
09/10/2023 14:05,9
09/10/2023 14:10,9.3
09/10/2023 14:15,9.7
09/10/2023 14:20,9.9
09/10/2023 14:25,10.3
09/10/2023 14:30,10.8
09/10/2023 14:35,11
09/10/2023 14:40,11.3
09/10/2023 14:45,11.6
09/10/2023 14:50,11.5
09/10/2023 14:55,11.5
09/10/2023 15:00,11.5
09/10/2023 15:05,11.4
09/10/2023 15:10,11.5
09/10/2023 15:15,11.4
09/10/2023 15:20,11.4
09/10/2023 15:25,11.3
09/10/2023 15:30,11.3
09/10/2023 15:35,11.4
09/10/2023 15:40,11.6
09/10/2023 15:45,11.7
09/10/2023 15:50,11.6
09/10/2023 15:55,11.5
09/10/2023 16:00,11.4
09/10/2023 16:05,11.4
09/10/2023 16:10,11
09/10/2023 16:15,10.8
09/10/2023 16:20,10.5
09/10/2023 16:25,10.4
09/10/2023 16:30,10.2
09/10/2023 16:35,9.9
09/10/2023 16:40,9.5
09/10/2023 16:45,9.3
09/10/2023 16:50,9.3
09/10/2023 16:55,8.9
09/10/2023 17:00,8.6
09/10/2023 17:05,8.7
09/10/2023 17:10,8.8
09/10/2023 17:15,8.7
09/10/2023 17:20,8.7
09/10/2023 17:25,8.8
09/10/2023 17:30,8.7
09/10/2023 17:35,8.7
09/10/2023 17:40,8.6
09/10/2023 17:45,8.4
09/10/2023 17:50,7.9
09/10/2023 17:55,7.5
09/10/2023 18:00,7.3
09/10/2023 18:05,7.3
09/10/2023 18:10,7
09/10/2023 18:15,6.7
09/10/2023 18:20,6.1
09/10/2023 18:25,5.4
09/10/2023 18:30,4.9
09/10/2023 18:35,4.4
09/10/2023 18:40,3.8
09/10/2023 18:45,3.2
09/10/2023 18:50,3.1
09/10/2023 18:55,3.3
09/10/2023 19:00,3.5
09/10/2023 19:05,3.9
09/10/2023 19:10,4.2
09/10/2023 19:15,4.3
09/10/2023 19:20,4.6
09/10/2023 19:25,5.3
09/10/2023 19:30,6.2
09/10/2023 19:35,6.5
09/10/2023 19:40,6.9
09/10/2023 19:45,7.5
09/10/2023 19:50,7.7
09/10/2023 19:55,8.1
09/10/2023 20:00,9.5
09/10/2023 20:05,10.3
09/10/2023 20:10,11.2
09/10/2023 20:15,11.5
09/10/2023 20:20,11.9
09/10/2023 20:25,12
09/10/2023 20:30,11.3
09/10/2023 20:35,10.8
09/10/2023 20:40,10.4
09/10/2023 20:45,10.1
09/10/2023 20:50,10
09/10/2023 20:55,9.9
09/10/2023 21:00,9.5
09/10/2023 21:05,9.4
09/10/2023 21:10,9.1
09/10/2023 21:15,8.4
09/10/2023 21:20,7.7
09/10/2023 21:25,6.7
09/10/2023 21:30,6.3
09/10/2023 21:35,6.2
09/10/2023 21:40,6.3
09/10/2023 21:45,6.4
09/10/2023 21:50,6.5
09/10/2023 21:55,6.5
09/10/2023 22:00,6.7
09/10/2023 22:05,6.8
09/10/2023 22:10,6.7
09/10/2023 22:15,5.9
09/10/2023 22:20,5.2
09/10/2023 22:25,5.1
09/10/2023 22:30,5.4
09/10/2023 22:35,6.1
09/10/2023 22:40,7.1
09/10/2023 22:45,7.5
09/10/2023 22:50,7.7
09/10/2023 22:55,7.5
09/10/2023 23:00,7.8
09/10/2023 23:05,7.9
09/10/2023 23:10,8.2
09/10/2023 23:15,8.7
09/10/2023 23:20,8.9
09/10/2023 23:25,9
09/10/2023 23:30,9.2
09/10/2023 23:35,9.4
09/10/2023 23:40,9.3
09/10/2023 23:45,9.3
09/10/2023 23:50,9.4
09/10/2023 23:55,9.7
10/10/2023 00:00,9.9
10/10/2023 00:05,10.2
10/10/2023 00:10,10.4
10/10/2023 00:15,10.6
10/10/2023 00:20,10.9
10/10/2023 00:25,11.2
10/10/2023 00:30,11.4
10/10/2023 00:35,11.5
10/10/2023 00:40,11.7
10/10/2023 00:45,11.7
10/10/2023 00:50,11.6
10/10/2023 00:55,11.7
10/10/2023 01:00,11.7
10/10/2023 01:05,11.6
10/10/2023 01:10,11.4
10/10/2023 01:15,11.3
10/10/2023 01:20,11.4
10/10/2023 01:25,10.6
10/10/2023 01:30,9.7
10/10/2023 01:35,10
10/10/2023 01:40,10.5
10/10/2023 01:45,11.1
10/10/2023 01:50,11.4
10/10/2023 01:55,11.2
10/10/2023 02:00,11
10/10/2023 02:05,10.9
10/10/2023 02:10,10.9
10/10/2023 02:15,11
10/10/2023 02:20,10.9
10/10/2023 02:25,10.5
10/10/2023 02:30,10.2
10/10/2023 02:35,10.2
10/10/2023 02:40,9.8
10/10/2023 02:45,9.5
10/10/2023 02:50,9
10/10/2023 02:55,9
10/10/2023 03:00,9.2
10/10/2023 03:05,8.5
10/10/2023 03:10,8.1
10/10/2023 03:15,7.8
10/10/2023 03:20,7.7
10/10/2023 03:25,7.7
10/10/2023 03:30,7.7
10/10/2023 03:35,7.7
10/10/2023 03:40,7.8
10/10/2023 03:45,7.8
10/10/2023 03:50,7.9
10/10/2023 03:55,7.9
10/10/2023 04:00,7.8
10/10/2023 04:05,7.6
10/10/2023 04:10,7.5
10/10/2023 04:15,7.4
10/10/2023 04:20,7.3
10/10/2023 04:25,6.9
10/10/2023 04:30,7
10/10/2023 04:35,7.5
10/10/2023 04:40,7.4
10/10/2023 04:45,7.4
10/10/2023 04:50,7.2
10/10/2023 04:55,7
10/10/2023 05:00,6.9
10/10/2023 05:05,6.7
10/10/2023 05:10,6.6
10/10/2023 05:15,6.5
10/10/2023 05:20,6.5
10/10/2023 05:25,6.5
10/10/2023 05:30,6.4
10/10/2023 05:35,6.5
10/10/2023 05:40,6.4
10/10/2023 05:45,6.3
10/10/2023 05:50,6.2
10/10/2023 05:55,6
10/10/2023 06:00,5.9
10/10/2023 06:05,5.8
10/10/2023 06:10,5.9
10/10/2023 06:15,6
10/10/2023 06:20,6.1
10/10/2023 06:25,6.2
10/10/2023 06:30,6.1
10/10/2023 06:35,6.1
10/10/2023 06:40,6.2
10/10/2023 06:45,6.3
10/10/2023 06:50,6.5
10/10/2023 06:55,6.9
10/10/2023 07:00,7.2
10/10/2023 07:05,7.3
10/10/2023 07:10,7.2
10/10/2023 07:15,7.2
10/10/2023 07:20,7.3
10/10/2023 07:25,7.4
10/10/2023 07:30,7.4
10/10/2023 07:35,7.4
10/10/2023 07:40,7.4
10/10/2023 07:45,7.4
10/10/2023 07:50,7.4
10/10/2023 07:55,7.5
10/10/2023 08:00,7.5
10/10/2023 08:05,7.6
10/10/2023 08:10,7.9
10/10/2023 08:15,7
10/10/2023 08:20,5.8
10/10/2023 08:25,5.1
10/10/2023 08:30,6.7
10/10/2023 08:35,8.3
10/10/2023 08:40,9.4
10/10/2023 08:45,9.9
10/10/2023 08:50,9.9
10/10/2023 08:55,9.9
10/10/2023 09:00,9.5
10/10/2023 09:05,9.6
10/10/2023 09:10,9.7
10/10/2023 09:15,9.8
10/10/2023 09:20,9.9
10/10/2023 09:25,10
10/10/2023 09:30,10
10/10/2023 09:35,9.9
10/10/2023 09:40,9.8
10/10/2023 09:45,9.7
10/10/2023 09:50,9.6
10/10/2023 09:55,9.5
10/10/2023 10:00,9.4
10/10/2023 10:05,9.2
10/10/2023 10:10,9
10/10/2023 10:15,8.7
10/10/2023 10:20,8.6
10/10/2023 10:25,8.5
10/10/2023 10:30,8.3
10/10/2023 10:35,8.1
10/10/2023 10:40,7.8
10/10/2023 10:45,7.7
10/10/2023 10:50,7.7
10/10/2023 10:55,7.6
10/10/2023 11:00,7.7
10/10/2023 11:05,7.6
10/10/2023 11:10,7.4
10/10/2023 11:15,7.2
10/10/2023 11:20,7
10/10/2023 11:25,7
10/10/2023 11:30,6.9
10/10/2023 11:35,6.9
10/10/2023 11:40,6.9
10/10/2023 11:45,6.9
10/10/2023 11:50,6.9
10/10/2023 11:55,6.9
10/10/2023 12:00,6.9
10/10/2023 12:05,6.9
10/10/2023 12:10,6.9
10/10/2023 12:15,6.9
10/10/2023 12:20,6.9
10/10/2023 12:25,6.9
10/10/2023 12:30,7
10/10/2023 12:35,7.1
10/10/2023 12:40,6.9
10/10/2023 12:45,6.8
10/10/2023 12:50,7
10/10/2023 12:55,7.2
10/10/2023 13:00,7.3
10/10/2023 13:05,7.3
10/10/2023 13:10,7.3
10/10/2023 13:15,7.3
10/10/2023 13:20,7.4
10/10/2023 13:25,7.5
10/10/2023 13:30,7.7
10/10/2023 13:35,7.7
10/10/2023 13:40,7.8
10/10/2023 13:45,8
10/10/2023 13:50,8.3
10/10/2023 13:55,8.2
10/10/2023 14:00,8
10/10/2023 14:05,7.9
10/10/2023 14:10,8
10/10/2023 14:15,8
10/10/2023 14:20,8.1
10/10/2023 14:25,8.2
10/10/2023 14:30,8.2
10/10/2023 14:35,8.3
10/10/2023 14:40,8.3
10/10/2023 14:45,8.4
10/10/2023 14:50,8.4
10/10/2023 14:55,8.5
10/10/2023 15:00,8.7
10/10/2023 15:05,8.7
10/10/2023 15:10,8.8
10/10/2023 15:15,8.9
10/10/2023 15:20,9
10/10/2023 15:25,9.1
10/10/2023 15:30,9.2
10/10/2023 15:35,9.3
10/10/2023 15:40,9.3
10/10/2023 15:45,9.5
10/10/2023 15:50,9.8
10/10/2023 15:55,10
10/10/2023 16:00,10.2
10/10/2023 16:05,10.4
10/10/2023 16:10,10.7
10/10/2023 16:15,10.9
10/10/2023 16:20,10.9
10/10/2023 16:25,10.9
10/10/2023 16:30,11
10/10/2023 16:35,10.8
10/10/2023 16:40,10.7
10/10/2023 16:45,10.8
10/10/2023 16:50,10.8
10/10/2023 16:55,10.9
10/10/2023 17:00,11.3
10/10/2023 17:05,12
10/10/2023 17:10,12.4
10/10/2023 17:15,12.5
10/10/2023 17:20,12.7
10/10/2023 17:25,12.3
10/10/2023 17:30,11.9
10/10/2023 17:35,11.5
10/10/2023 17:40,11.2
10/10/2023 17:45,11
10/10/2023 17:50,10.9
10/10/2023 17:55,11
10/10/2023 18:00,11.2
10/10/2023 18:05,11.3
10/10/2023 18:10,11.4
10/10/2023 18:15,11
10/10/2023 18:20,10.4
10/10/2023 18:25,10.3
10/10/2023 18:30,10
10/10/2023 18:35,9.8
10/10/2023 18:40,9.4
10/10/2023 18:45,9
10/10/2023 18:50,8.6
10/10/2023 18:55,8.3
10/10/2023 19:00,7.9
10/10/2023 19:05,7.7
10/10/2023 19:10,7.5
10/10/2023 19:15,7.4
10/10/2023 19:20,7.3
10/10/2023 19:25,7.4
10/10/2023 19:30,7.4
10/10/2023 19:35,7.7
10/10/2023 19:40,7.8
10/10/2023 19:45,7.9
10/10/2023 19:50,8.2
10/10/2023 19:55,8.3
10/10/2023 20:00,8.3
10/10/2023 20:05,8.1
10/10/2023 20:10,8.2
10/10/2023 20:15,7.8
10/10/2023 20:20,7.5
10/10/2023 20:25,7.2
10/10/2023 20:30,7
10/10/2023 20:35,6.9
10/10/2023 20:40,6.9
10/10/2023 20:45,6.7
10/10/2023 20:50,6.6
10/10/2023 20:55,6.5
10/10/2023 21:00,6.1
10/10/2023 21:05,5.6
10/10/2023 21:10,5.3
10/10/2023 21:15,4.9
10/10/2023 21:20,4.8
10/10/2023 21:25,4.9
10/10/2023 21:30,4.9
10/10/2023 21:35,5.3
10/10/2023 21:40,5.7
10/10/2023 21:45,5.9
10/10/2023 21:50,6.3
10/10/2023 21:55,7.1
10/10/2023 22:00,7.4
10/10/2023 22:05,7.3
10/10/2023 22:10,8.2
10/10/2023 22:15,10.1
10/10/2023 22:20,10.8
10/10/2023 22:25,11.1
10/10/2023 22:30,11.3
10/10/2023 22:35,11.7
10/10/2023 22:40,12.3
10/10/2023 22:45,13.2
10/10/2023 22:50,13.7
10/10/2023 22:55,13.7
10/10/2023 23:00,13.8
10/10/2023 23:05,13.8
10/10/2023 23:10,13.8
10/10/2023 23:15,13.8
10/10/2023 23:20,14.2
10/10/2023 23:25,14.5
10/10/2023 23:30,14.7
10/10/2023 23:35,15.5
10/10/2023 23:40,16.2
10/10/2023 23:45,16.6
10/10/2023 23:50,16.8
10/10/2023 23:55,17
11/10/2023 00:00,17.1
11/10/2023 00:05,17.2
11/10/2023 00:10,17.3
11/10/2023 00:15,17.3
11/10/2023 00:20,17
11/10/2023 00:25,17.2
11/10/2023 00:30,17
11/10/2023 00:35,16.8
11/10/2023 00:40,16.4
11/10/2023 00:45,16
11/10/2023 00:50,15.6
11/10/2023 00:55,16.1
11/10/2023 01:00,16
11/10/2023 01:05,15.6
11/10/2023 01:10,15.5
11/10/2023 01:15,15.1
11/10/2023 01:20,13.9
11/10/2023 01:25,13
11/10/2023 01:30,12.8
11/10/2023 01:35,12.9
11/10/2023 01:40,13
11/10/2023 01:45,12.4
11/10/2023 01:50,11.5
11/10/2023 01:55,11.2
11/10/2023 02:00,11
11/10/2023 02:05,10.9
11/10/2023 02:10,10.9
11/10/2023 02:15,11.3
11/10/2023 02:20,11.6
11/10/2023 02:25,12.2
11/10/2023 02:30,12.3
11/10/2023 02:35,12.4
11/10/2023 02:40,12.3
11/10/2023 02:45,12.3
11/10/2023 02:50,12
11/10/2023 02:55,11.8
11/10/2023 03:00,11.8
11/10/2023 03:05,11.8
11/10/2023 03:10,12
